-1.147992,0.9972543,-1.8194739,0.40202567,0.65508235,-0.3444767,-1.1670207,-0.2274156,-0.9548372,-1.8837819,-0.50408775,-2.3035932,-0.30066383,-0.7526715,1.4044569,-1.4404056,0.38866296,-0.794922,-0.522926,-0.5158155,-0.7379543,-0.2622953,2.1727455,-0.29399446,-0.19833939,0.09324188,-1.6941649,1.2905056,-1.605307,0.17933889,0.55746424,-0.887636,-0.97845966,-0.9574932,-0.08994898,0.90088964,-0.11587804,1.0171521,-2.8835166,0.18519133,-0.23932558,-1.2922451,-0.3537063,0.7599616,1.2178082,-0.42084402,0.39119068,-0.30356836,0.274219,1.49216,0.22801724,-1.1456354,0.493143,0.25199085,-1.563408,0.9894315,0.44906598,-0.69491357,0.67403835,-1.2043183,2.5628123,-0.5178569,0.57549286,-0.49701378,-2.0699134,-0.23004238,-0.19574247,-1.1327083,0.86627984,0.3936041,-1.9013636,2.6167998,1.6150492,-2.2743251,0.05516679,1.2705451,0.59759,-0.6523326,-0.78639114,-0.24371703,-0.78477603,1.3936245,-0.78780264,-0.30074438,-0.60909396,-0.8047658,-1.493283,0.41315284,2.4822526,1.1053214,0.6185177,-0.095525615,-0.07650076,0.49700227,-0.21307676,0.4577976,0.35526136,0.008947961,1.0025369,1.0146585,-0.31466144,0.51502824,-1.1273116,-0.11377092,-1.9443473,-0.41654783,0.3685252,1.5709326,1.7037432,-0.4944623,-2.4347496,-0.19078803,1.4705961,-0.71663874,-0.45605928,-0.92959726,0.7470696,0.7936595,1.8495902,-0.7856461,0.69259584,0.5667334,0.3667283,1.7184643,-1.3964419,2.142987,-0.4363285,1.3478415
-1.3370069,1.4389015,-1.6095461,0.6056755,0.37567136,-0.15698072,-1.034157,-0.5902277,-1.4956899,-1.9250892,-0.3450234,-2.032609,-0.34240642,-0.81504303,1.4836534,-1.2903004,0.87488854,-0.9973019,-0.8922762,-0.77615035,-0.34889153,-0.38975608,2.4874444,-0.58273846,0.05331025,0.1304834,-1.9670832,0.90189713,-1.5288566,0.6349005,0.82235986,-1.2076992,-0.99028623,-1.0504118,-0.13940153,0.9610306,-0.26641488,1.2778373,-3.0322526,0.7383813,-0.32530525,-1.2742729,-0.12089805,-0.0116249425,1.0876449,0.35782132,-0.11664205,-0.14317255,0.13270445,1.8019165,0.049603067,-0.9209982,-0.1565935,0.42567393,-1.7755432,0.18133625,0.022746691,-0.5572271,0.43200698,-0.9732238,2.3551917,-0.89195114,0.6863582,-0.49978572,-1.9856611,-0.20076571,-0.28783143,-0.815758,0.6608463,0.32816228,-1.5112586,2.4733145,1.9385308,-1.5885847,-0.2630507,1.397465,0.7655749,-0.5092536,-1.1696069,-0.4167226,-0.50935334,1.1256609,-0.71423167,-0.28098702,-0.4080191,-1.1176732,-1.1406703,0.74513817,2.3835034,0.95174307,0.4864339,-0.3020206,-0.1771793,0.56004065,-0.5538992,0.71555096,0.8076659,-0.6013078,1.0275412,1.1948184,-0.2636102,0.6651423,-1.300032,-0.14072885,-1.9545945,-0.17038313,0.7922714,1.6172798,1.9734836,-0.8942047,-2.0846245,-0.039995644,1.4738791,-0.8537986,-0.51242745,-0.7131489,0.20431577,0.6638552,1.5701559,-0.17290357,0.24560456,0.51708704,0.4273129,1.8490231,-1.172838,1.8918132,0.06251672,1.2329483
-1.4766719,0.8967005,-1.4274352,0.5657981,0.6784153,-0.27735013,-0.49110475,-0.6695219,-0.9292996,-1.1256467,-0.9596106,-2.3575244,-0.6870815,-0.9091599,1.6615803,-1.1064049,0.016460968,-0.56012094,-0.23061451,-0.98739594,-0.87772477,0.07254333,2.5990493,-0.584536,-0.086801216,-0.14295489,-1.4478551,1.026658,-2.1499496,0.37063023,0.53104174,-0.9674117,-1.2503405,-1.0618807,0.0737253,1.1073653,-0.06466523,1.4207122,-2.9016068,0.3615331,-0.65938455,-1.1547571,-0.4634532,0.24267873,1.0197638,0.38867328,-0.5127173,-0.21833353,0.50394124,1.5359975,0.118880846,-1.7998223,-0.29202873,0.5913459,-1.8085476,1.1382686,0.46814743,-0.30473578,0.26487094,-1.2587304,2.1951737,-0.80522794,0.7313476,-0.76559407,-1.9673457,-0.20288156,-0.16018857,-1.3748473,0.6645105,0.01455822,-1.3970445,2.5619073,1.7094414,-1.8680464,0.2426474,1.4052306,0.7507048,-0.38883588,-0.11264765,0.29431355,-0.3566951,0.4574395,-0.44798502,-0.53376293,-0.29778785,-1.2201774,-1.8246039,1.0431634,2.6087992,0.7803423,1.0111662,-0.47326192,-0.56815684,0.33179975,-0.072805434,1.3252481,0.6826932,-0.53860986,1.2323819,0.8735054,0.04349855,0.59591806,-1.0276421,-0.63529634,-2.0259929,-0.11269924,1.0195645,1.7009411,1.9559472,-0.4729662,-2.2015953,-0.15679513,1.2027063,-0.80194116,0.22348674,-0.70473695,-0.099341705,-0.12545969,1.8498716,-0.073815964,0.78575927,0.33297896,-0.014061677,1.3481925,-0.35403216,1.2696766,-0.09443927,1.2533107
-1.9781369,0.8069273,-1.3320892,0.6089772,0.61840385,0.050975528,-0.80470496,0.2648249,-1.260845,-1.3966634,-0.7436482,-2.8406315,0.15714261,-1.0549155,1.8837087,-0.91729146,0.8123368,-0.40230653,-0.3461956,-0.7470372,-0.81313205,-0.22934066,2.1104918,-0.31262672,-0.4695259,0.18459564,-1.3308364,1.5488151,-2.037778,0.21946178,0.8063035,-1.2752546,-1.214944,-0.89059484,-0.11189449,0.7895187,-0.5502753,1.1479077,-2.98851,0.56612283,-0.57489127,-1.6050235,-0.5482537,0.46474627,1.0629427,-0.084893465,-0.1941126,-0.7866998,0.32054985,1.4718689,-0.06874856,-1.3013182,-0.40618214,0.5389599,-1.247046,1.2399297,0.6372881,-0.4246341,0.47756383,-0.9746558,2.2250814,-0.15044717,0.49241644,-0.8047535,-2.2001567,-0.7805643,-0.35422796,-0.78347194,0.5771251,0.08379552,-1.5455792,3.0225272,1.3004951,-2.3999174,0.23142192,1.2795498,0.6124842,-0.22923283,-0.74360603,-0.046096437,-0.09005018,0.8089443,-1.2080125,-0.17625707,-0.76589245,-0.8250061,-1.2593538,0.7095508,2.6347811,0.2224639,0.7247878,-0.10945389,-0.50518465,0.30232993,-0.27793786,1.0963436,0.3061538,-0.071108736,1.0457929,0.8309561,-0.21834551,0.43407783,-1.0256851,-0.19224952,-1.9405067,0.62381285,0.8939946,1.5349226,1.8877146,-0.019649874,-2.3371494,-0.43991634,1.7439393,-0.7876817,0.3302844,-0.477418,0.021476077,0.3168364,2.0121524,-0.23059876,0.5892046,0.38137433,-0.11544389,1.0697597,-0.8937873,1.4558089,-0.037534576,1.1260643
-1.362283,1.1858346,-1.6394442,0.7174756,0.6005047,-0.026823727,-0.6191729,-0.12912591,-1.8142443,-1.6943848,-0.6470526,-1.8663626,-0.041060545,-0.5849601,1.4797208,-1.0192298,1.3756293,-1.1581111,-1.0382404,-0.3324656,-0.24815878,-0.5656353,2.4037097,-0.33696634,-0.2676956,0.07614013,-2.018878,1.1283499,-1.4467396,0.12266933,0.57365507,-1.8691721,-1.2196971,-0.7830051,-0.5314327,1.1333084,-0.33964968,1.224093,-2.683969,0.975063,-0.54926735,-1.501714,-0.06683262,-0.122960985,1.0852556,-0.13201864,0.36333063,-0.26335168,0.3239656,1.697648,-0.028589781,-0.6491919,-0.54796606,0.5816981,-1.5109268,0.17548798,0.15974386,0.01472735,0.61437863,-0.758687,2.6551464,-0.6504376,0.5482716,-0.40137774,-2.2808266,-0.3241411,-0.83622354,-0.9635548,0.9128992,-0.06695054,-1.4384512,2.765349,1.5577044,-1.635167,-0.16640009,1.5208273,1.0708112,-0.45348823,-1.1883624,-0.67873067,-0.3739659,0.89265823,-0.7587291,0.020958424,-0.92121524,-1.2069297,-0.6985636,0.26347297,2.6055152,0.55653495,0.56186557,0.06344175,-0.5902993,0.16265506,-0.41916963,0.9032709,0.722117,-0.606093,0.7260098,0.94499725,-0.5600045,0.21714675,-1.305744,0.08873928,-1.8617154,0.6950713,0.34235203,1.3093696,1.7947649,-0.78269863,-1.960022,0.1005527,1.3041662,-0.6009443,0.032955192,-0.48804656,0.050808083,0.7129934,1.7349511,-0.53586787,0.24780567,0.47447276,0.29169038,2.0360434,-1.660767,1.6338118,-0.059682924,1.3753924
-1.0770823,0.8417148,-1.5824747,0.4534134,0.6766534,0.01357171,-0.85619265,-0.29750258,-1.2376853,-1.3623217,-1.0323806,-2.4123044,-0.55493146,-0.9585906,1.5804684,-1.3483803,0.7834129,-0.91819817,-0.4534731,-1.0670916,-0.41540867,-0.2529099,2.4422371,-0.63298523,0.08954324,-0.092776574,-1.6434811,1.0712903,-1.7156824,0.49291477,1.0137148,-1.3492478,-1.0076915,-0.9163297,-0.20682399,0.7767282,-0.37923864,0.8514916,-2.9540918,0.4898671,-0.5796827,-1.382945,-0.18109563,0.5014866,0.8839475,0.07368059,-0.023174614,-0.5272711,-0.11998333,1.3516892,0.036702253,-0.7379263,-0.026949864,0.63876384,-1.4724854,0.61156476,0.42166904,-0.7693887,0.42935306,-0.7772248,2.1878526,-0.16665868,0.46168715,-0.69116044,-2.1703138,-0.006691314,-0.07868977,-1.2554896,0.7936626,0.42526436,-1.7357748,2.7896807,1.5255114,-1.7329246,-0.05319664,1.5400888,0.8913785,-0.5565817,-1.2288947,-0.33845708,-0.71457094,0.91494197,-0.9684251,-0.09062807,-0.40404937,-1.1030601,-1.6068459,1.0063187,2.7528527,0.8015615,0.9698537,-0.5102926,-0.20828106,0.5400366,-0.25555798,0.5913993,0.54538965,-0.035690382,1.5873927,1.2575016,0.0064998697,0.60974276,-1.1818024,-0.42520463,-1.8631423,0.23094949,0.42190132,1.3682259,1.8746032,-0.3991512,-2.429428,0.03576068,1.6592146,-1.1588706,-0.23668213,-0.7892007,0.43521166,0.36442643,2.2093484,-0.57488465,0.83936083,0.34684384,0.34792924,1.4118214,-1.5695302,1.6224581,0.1542228,1.1875912
-1.5976784,0.80986995,-0.93299925,0.42991313,0.7240803,0.10144405,-0.771307,-0.011693624,-1.2663902,-1.4986318,-0.89457685,-2.5676048,-0.5730394,-0.61958313,1.5997226,-1.5739429,0.748174,-0.18448594,-0.39780203,-0.88696873,-0.9242551,-0.2768464,2.1542468,-0.4341061,-0.50805926,0.3562806,-1.6776534,0.9088809,-1.594526,0.31401217,0.7524978,-1.0103059,-1.3303112,-0.65989476,-0.4913045,1.0615088,-0.17283598,0.92106134,-2.401202,0.5301507,-0.21142437,-1.4448898,-0.20513178,0.5355714,1.138628,-0.2839649,0.15615694,-0.36231866,0.27826142,2.0030313,-0.07982832,-1.4298507,-0.355441,0.78785217,-1.7104398,0.2984442,0.139198,-1.008121,0.70694906,-0.5068279,2.5326755,-0.62610835,1.1773099,-0.8677923,-1.8152919,-0.5369084,-0.68278456,-1.1421843,0.5686009,0.34426585,-1.7523671,2.256935,1.5947206,-2.1176634,0.1547509,1.4262358,0.8052243,-0.2662349,-0.67325497,-0.35482904,-0.037168533,1.5308974,-0.79100937,-0.21925408,-0.8603187,-1.1483728,-1.5089699,0.9639732,2.680285,0.9856715,0.35580736,-0.16659015,-0.4809995,0.014485965,0.07694969,1.1761088,0.19466318,-0.018687358,0.9463271,0.8784046,-0.1578013,0.6210412,-0.76069933,-0.26066533,-2.242161,0.057507735,0.11444625,2.0255823,1.7780637,-0.63356405,-2.3215451,-0.06259385,1.7422638,-0.70637214,-0.10390484,-0.7017386,0.3509313,0.19084668,1.797496,-0.1727922,-0.01814402,0.42591903,0.2652395,1.5336136,-0.9110793,1.481076,-0.40674555,1.1293409
-1.5425943,0.98571056,-1.5654618,0.47791556,0.38628575,-0.23901777,-1.2080747,-0.23758322,-1.2990681,-1.7887372,-0.66107523,-2.2042034,-0.3483702,-0.94647944,1.3011019,-1.1877577,0.9919213,-0.7782533,-0.53036374,-0.8764955,-0.6108192,-0.19076534,2.350857,-0.5315039,0.08108249,0.023495914,-1.4658172,1.3049495,-1.5463237,0.42419627,0.94007397,-1.354615,-1.2598472,-0.8051568,-0.57345045,0.7387811,-0.44831252,1.0092925,-3.2886355,0.25122187,-0.32938266,-1.7712464,-0.29186141,0.4935555,1.2311853,-0.48487145,0.25508702,-0.2505681,0.32957545,1.570724,0.27768275,-1.0776619,0.47025785,0.25609523,-1.6219192,0.9694175,0.57333314,-0.34721395,0.2317251,-0.90560967,2.530268,-0.21495357,0.5453036,-0.46931902,-2.2270615,-0.41396144,0.09661209,-0.88819087,0.5849787,0.23578702,-1.1908008,2.8806212,1.7388433,-2.1859214,-0.15495598,1.527527,0.8873042,-0.31843802,-0.7126193,-0.182723,-0.426,1.0875134,-0.57537633,0.090424955,-0.6642061,-0.9854113,-1.4700769,0.5002589,2.6825163,0.55425614,0.88855803,-0.4646987,-0.31180727,0.34864622,-0.49008673,0.83179516,0.46906096,-0.14814964,1.1790836,1.1068205,-0.42847452,0.21423642,-1.049112,-0.28356186,-1.822315,-0.28828183,0.39695928,1.37977,1.8133996,-0.3530275,-2.302877,-0.44536874,0.91293484,-0.36600474,-0.35969245,-0.5821018,0.5100007,0.92499906,2.07998,-0.84305835,0.15795493,0.6137116,0.27455676,1.4104698,-1.3513808,2.0914717,-0.12326795,1.2303482
-1.1360121,1.3839602,-1.7252629,0.54939383,0.54033244,-0.17837644,-1.5635158,-0.16929969,-1.211773,-1.7469311,-0.61347467,-2.2443154,-0.12822928,-1.115291,1.1173775,-0.8433442,0.47730342,-0.81427336,-0.70046985,-0.964109,-0.5266324,-0.47046006,2.2647789,-0.34027374,-0.07957233,0.015255667,-1.5988545,1.1077965,-1.749124,0.38111973,1.0543544,-1.3777168,-1.1159867,-1.1446137,-0.4703602,0.7845355,-0.41758937,0.92798305,-2.6917486,0.5974389,-0.27379417,-0.8385405,-0.84966224,0.4562848,1.2232012,-0.10921044,0.124201454,-0.53943205,0.07670524,1.8428503,0.05541972,-0.44994482,-0.43731886,0.59272206,-1.1442409,0.3820749,0.4153016,-0.62642837,0.30965367,-0.74577934,2.8993545,-0.36964294,0.56866497,-0.50296664,-1.7526053,-0.26483643,-0.029738873,-1.2116554,0.70702386,0.48492494,-1.7757566,2.69106,1.8583722,-2.3072526,-0.13438737,1.6191987,0.44726574,-0.2518375,-0.99601954,-0.41679662,-0.5940933,0.8776268,-0.87107605,0.07452619,-0.58854437,-0.85049903,-1.311721,0.4982545,2.8383594,0.74562633,0.5571336,-0.3147294,0.04592155,0.5790282,-0.22462824,0.74793506,0.4540436,-0.012063696,1.4394034,1.277213,-0.083282426,0.6103343,-1.242904,-0.38226363,-2.1358454,-0.61080384,0.12517025,1.5541412,2.117516,-0.5779171,-2.316246,-0.45577157,0.9088505,-0.9581264,-0.077033035,-0.44165874,0.062314555,0.8178345,2.0312839,-0.13056321,0.34804264,0.4856597,0.37571153,1.53447,-1.1310087,1.3640537,0.13416025,1.1583532
-1.7551433,1.4780263,-1.6249315,0.2946528,0.6718532,0.10425686,-1.1710995,-0.03269218,-1.054365,-1.4997137,0.048032936,-2.3536239,-0.37532273,-0.9055145,1.4027444,-1.4035215,0.48887444,-0.57394123,-1.0656605,-0.7903418,-0.39575398,-0.29731622,2.3707378,-0.41094267,-0.038532637,-0.014574836,-1.8349153,0.77905506,-1.2847545,0.9601749,1.1346403,-0.8975765,-1.2420341,-0.94206077,-0.3262271,0.9129698,-0.37420177,1.1464422,-2.927858,0.72908086,-0.30201945,-1.7199125,-0.09225403,0.19591483,1.1918027,-0.16987932,-0.19697149,-0.5147102,0.29871285,1.9403995,-0.052847225,-0.8316777,-0.4367876,0.7281141,-1.6085649,0.28660163,0.21528527,-0.3650704,0.042289197,-1.0195615,2.605528,-0.45771298,0.4746089,-0.45544887,-2.031527,-0.3257494,-0.34355187,-0.8833621,0.8018891,0.477519,-2.0549824,2.3702288,1.706861,-2.6715715,-0.2276159,1.5241202,0.81868005,0.18380232,-1.4172245,-0.4364446,-0.62583697,1.6488767,-0.7543656,-0.1480546,-0.5560154,-1.0761921,-0.98630273,0.7095178,2.4137225,0.5014249,0.67382735,-0.28165272,-0.48383725,0.36357042,-0.07609981,0.75376946,0.46251428,0.0056449394,0.9402982,1.5033507,-0.2852609,0.44270802,-0.9330314,-0.3315011,-1.5792046,-0.13664338,0.47177863,1.4837217,2.0144706,-0.6262948,-2.465007,-0.1653539,1.2628874,-0.7257578,0.2154252,-0.31804508,-0.17056842,0.4852695,1.80251,-0.35187298,0.5086507,0.40911233,0.024363441,1.7044784,-0.9529608,1.0807552,-0.023677258,1.0052198
-1.2014107,0.7894656,-1.3334413,0.36983082,0.38463894,0.04535527,-0.9986183,-0.4361558,-1.4381304,-1.751307,-0.6490986,-2.405063,-0.16650297,-0.56060356,1.8528836,-1.1864275,0.867135,-0.59965307,-0.4538494,-0.95311266,-0.5733951,-0.4530266,2.0343573,-0.47190204,-0.113926895,0.08981108,-1.6446731,1.2440311,-1.743738,-0.16159691,0.43219766,-1.1154133,-1.3901498,-0.9294531,-0.36576325,1.2112615,-0.19394284,1.1295711,-2.772852,0.54587626,-0.36514264,-1.5758406,0.13404337,0.29685667,1.2488799,0.0926791,0.378076,-0.49574372,0.06650877,1.468608,-0.0668477,-1.1646408,0.23373531,0.15673544,-1.7803198,0.5097921,0.23719198,-0.50684136,0.5114197,-0.7838873,2.2939255,-0.3362893,0.5386372,-0.4066433,-2.1382654,-0.1719739,-0.49633896,-1.1658328,0.8584745,0.18815002,-1.6398165,3.062757,1.5442966,-1.6962712,0.008521127,1.3958799,0.76432866,-0.408396,-1.1693203,-0.50915587,-0.3348463,1.1906886,-0.88631505,0.07894709,-0.67670673,-0.8541818,-1.5090727,0.7386255,2.4724684,0.92640394,0.48685896,-0.17725576,-0.0762296,0.5301917,-0.41192117,0.96871436,0.5636034,-0.43145427,0.89110625,1.0426311,-0.22990195,0.6163039,-1.5206159,-0.20458242,-1.6647508,0.3521853,0.56348103,1.530675,1.6733747,-0.75071275,-2.378828,0.007140615,1.7011842,-0.570178,-0.30360886,-0.8789941,0.23148122,0.7910582,2.1043773,-0.13117185,0.41326505,0.28489667,0.39035922,1.5760581,-1.7276582,1.6949879,-0.20959717,1.4011753
-1.1227504,0.80055887,-1.2765937,0.3150281,0.3717526,-0.22328424,-0.9081381,-0.15853964,-1.4169163,-1.574935,-0.9884271,-2.3199606,-0.2719586,-0.86288846,1.7366292,-1.7368954,1.2634928,-0.7901153,-0.8431059,-0.94705796,-0.23528971,0.17099375,2.1012793,-0.42435136,-0.02551697,-0.016550712,-1.8605045,1.1767801,-1.328524,1.0195752,0.93930113,-1.4508102,-1.1619831,-1.0326658,-0.24584837,0.68113726,-0.33591068,1.1973565,-3.4793522,0.514921,-0.22235252,-2.0722325,-0.104516774,0.6179042,1.2373161,-0.15554915,-0.021774504,-0.37272614,0.27952448,1.1865895,-0.03809478,-0.7893579,0.27386746,0.5669638,-1.2790912,0.4916808,0.2851822,-0.8265343,0.3397872,-1.4838676,2.0937572,-0.70313466,0.1899443,-1.0106655,-1.5843043,-0.43365458,0.122399196,-0.7409879,1.0368114,0.8964046,-1.5242939,2.3871903,1.9795415,-1.5958028,-0.1768955,1.3456403,0.58600575,-0.5093253,-1.161641,0.11291313,-0.51322925,1.455812,-0.34133938,-0.20595104,-0.65643764,-1.3652568,-1.2343102,0.841203,2.749454,0.97662985,0.5980943,-0.79239446,-0.27494454,0.4314167,0.15901454,0.6230412,1.2430317,-0.22160599,1.164192,0.7895868,-0.21094349,0.42310804,-1.0839102,-0.76132524,-1.7914673,-0.5595709,0.7061984,1.2891992,1.2789832,-0.6679156,-1.8040571,-0.06367615,1.7635247,-1.1636658,-0.1291675,-0.70173514,0.37794617,0.39395943,1.9557674,-0.3819835,0.6178334,0.7861148,-0.009427408,1.8399336,-1.9525244,1.6842593,-0.09555602,1.3343614
-1.4660063,0.96548086,-1.5545341,0.33932644,0.51277566,-0.33913723,-0.9365641,-0.3078396,-1.0612665,-1.4504619,-0.38521364,-2.2728703,-0.4093912,-0.7779668,1.5616529,-1.1005379,0.9476402,-0.42292142,-0.49747294,-0.7264241,-0.59510505,-0.51907265,2.0893166,-0.31317356,-0.26552308,-0.066442564,-1.8896785,1.0784394,-1.6649379,0.5730004,0.54819506,-1.2250518,-1.1722434,-0.91371953,-0.3854051,1.0723993,-0.33311415,1.3865836,-3.1050534,0.5009358,-0.33127114,-1.5947477,0.027401527,0.06186498,0.97901165,0.08201499,0.3334539,-0.35541105,0.27171433,1.6336639,-0.2662271,-1.5427525,0.3476664,0.13551083,-1.8588183,0.5569084,0.67659473,-0.6063444,0.6154489,-0.9178822,2.3881109,-0.80861247,0.43718973,-0.5137746,-2.0435562,-0.25350094,-0.44308162,-0.9732052,0.53576136,0.53498614,-1.7270573,2.7852454,1.4738324,-2.4658067,-0.1296011,1.5192591,0.7851728,-0.26817635,-1.1523703,-0.45609888,-0.07937521,1.4148055,-0.6392313,-0.18866989,-0.69162,-0.84583795,-1.123703,0.56950825,2.389793,0.6590175,0.38961282,-0.39968753,-0.1814452,0.24082495,-0.5755727,1.2571982,0.43268412,-0.38643214,0.40462017,0.93136233,-0.24632923,0.6304399,-1.0944927,-0.1376679,-1.8899052,0.15303122,0.60761535,1.8603488,1.986061,-0.690909,-1.9930174,-0.037622962,1.3099693,-0.52689284,-0.24118663,-0.70071775,0.34281307,0.7297217,2.0390317,-0.1901903,0.09343012,0.16762385,0.44372532,1.721827,-0.9389993,1.7087839,-0.09271405,1.7907748
-1.209262,1.3593822,-1.2710427,0.39852816,1.1918694,0.20107093,-1.0445049,0.13097633,-1.1289374,-1.3864887,-0.97504705,-2.5379941,0.00047918435,-0.6968734,1.9966482,-1.0870525,0.039792676,-0.49242708,-0.7268522,-0.829965,-0.54448545,-0.4585238,1.9829401,-0.5568631,-0.12838641,-0.21579687,-1.17463,0.75877637,-1.5716803,0.7004483,1.1620497,-1.2872663,-1.5491449,-1.1004014,-0.003611563,0.5755179,-0.43865812,0.80412227,-2.7963078,0.3561922,-0.6361035,-1.3082538,-0.6367478,0.65357053,0.89458984,0.032066688,-0.068557486,-0.950007,0.015718428,1.4784344,0.4160099,-0.6808023,-0.34913144,0.9221726,-1.0493832,0.63707954,0.49283814,-0.9514244,0.25601047,-0.9673399,2.241778,-0.60735315,0.49993715,-0.73962367,-2.2448065,-0.7940028,-0.03150843,-1.0549917,0.7719597,0.28708148,-2.1090903,2.486329,1.767796,-2.4554086,0.23529163,1.7920496,0.6026817,0.052887686,-1.0945802,-0.26429716,-0.3824548,0.95847535,-1.1669925,-0.2036916,-0.4817184,-1.188813,-1.4530445,0.9227191,2.6225874,1.240789,0.62146395,-0.38484672,-0.2381864,0.77006674,-0.28323048,0.77256244,0.3874187,0.5321117,1.534894,0.9664399,-0.17675126,0.844981,-1.082529,-0.73210835,-1.7398738,0.2557662,0.43677253,1.2413057,1.7490606,-0.3634792,-2.462313,-0.4142838,1.7527848,-0.9853365,0.044107202,-0.7987519,0.082250886,0.56030893,2.295171,-0.42499498,0.9222361,0.7074474,0.23970483,1.0293124,-1.4375849,1.354723,0.018208478,0.6345869
-1.4491842,1.0280393,-1.7340523,0.28635105,0.31070697,-0.31851962,-1.035353,-0.26368347,-0.82389283,-2.0770824,-0.285876,-2.2059486,0.059851687,-0.81983477,1.246515,-1.0703009,0.29997373,-0.43550935,-0.9460303,-0.68643504,-0.73643243,-0.23018968,2.6366856,-0.6168411,-0.11721488,0.2685281,-1.8352226,1.0593328,-1.6086692,0.6569208,0.729091,-1.0245075,-1.074364,-1.0846741,-0.5281122,1.1188942,0.044359673,1.2576715,-2.159032,0.35304028,0.036996797,-1.0771788,-0.6533907,-0.09196879,1.5827997,-0.5334442,-0.06003016,-0.3470878,0.69322455,1.7845565,0.050744276,-0.7737163,-0.06844969,0.33067504,-1.2477905,0.21772557,0.44707304,-0.3017113,0.123189785,-1.2113886,2.7308571,-0.89921063,0.35511243,-0.5769101,-2.107109,-0.42909554,-0.42761597,-1.2311022,0.6216612,0.21338093,-1.9014807,2.5416253,1.6953418,-2.2899985,0.43814746,1.6469635,0.40010732,-0.14921126,-0.45131636,-0.3493472,-0.40442422,1.6161677,-0.9475985,-0.13636352,-0.5263099,-0.9716566,-1.3758655,0.38623786,2.4556456,0.093964376,0.81083566,-0.6901351,-0.5376688,0.1288309,-0.43543786,1.26151,0.5423472,-0.17171061,1.030552,0.8892346,0.106163405,0.7394405,-0.8429193,0.1243534,-1.9400342,-0.38813335,0.3335445,1.5680177,1.9040333,-1.0038228,-2.37115,-0.018746868,0.8549552,-0.43413034,-0.047667746,-0.58053386,0.5109471,0.39271668,2.28838,-0.14322871,-0.02702571,0.8242892,-0.13915135,1.769155,-0.872529,1.6650834,0.24287423,0.9128622
-1.2637496,1.5403427,-1.2680085,0.50872475,1.0447999,0.3366529,-0.8887381,0.3084455,-1.2746112,-1.2703117,-0.7126512,-2.620882,-0.55364305,-0.7957164,1.3961588,-1.1760172,0.5777286,-0.7711162,-0.8396726,-0.99110866,-0.6414594,-0.36357674,2.2676902,-0.04114514,-0.12007071,0.08343253,-1.7992748,0.7584544,-1.3644078,0.5484598,0.9657013,-1.5229299,-1.4061767,-1.2306314,-0.38025358,0.87767124,-0.28973433,0.84726334,-2.670167,0.5053855,-0.12192075,-1.4367607,-0.47042444,0.4715985,1.1407508,0.24988914,0.16269273,-0.6464196,-0.037365153,1.850521,-0.22002514,-1.1135691,-0.7676311,0.9431279,-1.1609879,0.7380223,0.28956664,-0.82744783,0.65926635,-0.6882175,2.3515224,-0.3994463,0.82819504,-0.93418276,-1.6158553,-0.64084727,-0.28954044,-1.0338968,0.37389117,0.24164784,-1.5551184,2.63258,1.5493336,-2.4088333,0.12660268,1.4652283,1.0435634,-0.29889894,-0.80326986,-0.08803044,-0.53659433,0.9448846,-1.1268535,-0.46283287,-0.7552137,-0.65815794,-1.5001743,0.82571304,2.6411064,0.9499366,0.63574284,-0.17617297,-0.46062717,0.49989322,0.32257274,0.92888075,0.30384785,0.34989327,1.3458706,0.9174775,-0.09379664,0.83818823,-1.1421328,-0.07062353,-2.3540764,-0.07404066,0.20542909,1.2804238,1.4928372,-0.14582978,-2.828345,-0.52441996,1.5082123,-0.8949717,-0.0446137,-0.59567654,0.11703554,0.28722963,1.9275817,-0.5492939,0.5523407,0.22560517,0.4452986,1.0247123,-0.8728581,1.6205963,-0.32262343,1.198406
-1.3250308,1.3774613,-1.1754805,0.11391162,1.3696119,-0.24326064,-1.3124281,-0.49352893,-0.89468235,-1.0325402,-1.1475734,-1.549347,-1.1310169,-1.106295,1.5867124,-1.2501497,-0.25493175,-0.83890164,-0.16596767,-0.79112333,-0.47825515,0.16120161,2.0005245,0.48298034,-0.25156805,0.26921964,-1.4472672,0.6104947,-1.5172883,0.61808985,0.8916489,-1.775791,-1.2122303,-1.1297038,0.06641313,0.12583911,-1.0713409,0.80556023,-3.0626924,0.026789628,-0.9298607,-1.054969,-0.6004839,1.2147207,1.5535244,0.37311745,-0.6924919,-0.42954424,0.19612193,1.3154075,0.07982362,-0.9396721,-0.35389173,1.181889,-1.2781993,1.3115296,1.1445433,-0.569719,-0.29139435,-0.9461782,2.1856787,-0.5847718,0.6621266,-1.2777357,-1.4654794,-0.15380631,0.63099605,-0.7613868,0.91337806,0.5269613,-1.4944255,2.5876172,1.6642375,-1.7847863,0.054551546,1.8631396,0.91192,-0.18470295,-0.9675889,0.6142878,-1.0414749,0.454907,-0.90100235,-0.755421,-0.43735832,-0.79769635,-1.5787069,0.5119512,2.8442562,1.0645993,1.2489439,-1.5584488,-0.86414534,0.26906657,0.37783015,0.883492,1.212001,-0.3380534,1.9209787,0.88468015,0.094590634,1.0290284,-0.849529,-0.9056645,-1.5242412,-1.36009,0.36539033,0.8751736,1.5367529,0.73415947,-2.1459267,-1.0823858,0.8272174,-1.013504,0.42511582,-0.21728776,-0.24383831,-0.07155087,1.9768335,-0.68240625,1.031294,-0.21259375,-0.002603746,0.8011097,-1.0472881,1.5034148,0.28721175,1.7205914
-0.8957147,1.4562697,-1.362917,0.06494155,0.44493172,-0.18616395,-1.267175,-0.6248359,-1.4847623,-1.9927711,-0.3515016,-1.9503921,-0.40301803,-0.4077059,1.4972563,-1.5190508,1.1589081,-0.72442895,-0.9234098,-0.72289866,0.0088862395,-0.06319655,2.1866996,-0.22095072,-0.061321355,-0.075378664,-1.6113335,0.94572014,-1.3896934,0.22047684,0.7299089,-1.744537,-1.134669,-0.86496276,-0.54184985,0.9191069,-0.289699,1.3558775,-3.0590584,0.45777354,-0.34931725,-1.757537,0.39100826,-0.18698046,1.1702485,0.13403125,0.54150593,-0.5195053,0.11387312,1.4619318,-0.17772108,-1.0649917,0.6906344,0.35399315,-1.3025007,0.1412925,0.31839493,-0.6214446,0.1433053,-1.1770736,2.221709,-1.272674,0.36565134,-0.36669782,-2.0229192,-0.002542863,0.09804286,-0.6795828,0.75937104,0.33450693,-1.46798,2.64533,2.080691,-1.9241189,-0.104418896,1.3521967,0.7340182,-0.3439178,-1.2096572,-0.3278139,-0.37133065,1.3238868,-0.5568671,-0.30219537,-0.78306276,-0.7680113,-1.0300412,0.6960705,2.548979,1.4518126,0.07465392,-0.19863777,-0.54796946,0.6652076,-0.3431846,0.84825945,0.663744,-0.40381098,0.6232397,0.955604,-0.43818334,0.50116915,-1.4225043,-0.20707221,-1.751535,-0.3513485,0.5225193,1.5056216,1.6989074,-0.76160574,-1.8718017,-0.30140886,1.2447059,-0.6949698,-0.24655141,-0.70928913,0.30458927,0.6435511,1.8559189,-0.29010442,0.21789114,0.31337786,1.061809,1.766568,-2.6132615,2.2238946,-0.21916407,1.4476966
-1.6961572,0.77418625,-1.8213053,0.36865556,0.5279498,-0.28091246,-1.0064801,0.0114094755,-0.7527077,-1.597374,0.3814894,-2.2058043,-0.27257967,-1.0146675,1.3699057,-1.0630195,0.35507032,-0.38274395,-1.0954672,-0.7127108,-0.6345,-0.10929928,2.3347487,-0.63329935,-0.2429802,-0.17395966,-2.098842,0.74076587,-1.8305106,0.6157722,1.0519758,-1.2060839,-0.8215559,-0.99808264,-0.60634255,1.1861764,-0.22163962,1.3742094,-2.6879592,0.44272006,0.0641833,-1.3403846,-0.9535515,-0.5631755,1.1140192,-0.38068888,-0.1225989,-0.5397958,0.8399897,1.9792203,-0.15960474,-0.6966555,0.051832516,0.083181545,-1.063062,0.20074002,0.48994485,-0.023504416,0.36001757,-1.2445546,3.103198,-1.0676807,0.35068342,-0.6487259,-1.947416,-0.30706915,-0.40779987,-0.9514572,0.7679191,0.6485121,-1.7240338,2.582758,1.7208402,-2.5143876,0.35931677,1.4277607,0.40386647,-0.29064813,-0.7905893,-0.5357202,-0.5021849,1.6031389,-0.73409647,-0.09146017,-0.47410074,-0.7962044,-0.9066841,-0.01075544,2.5507092,0.4860987,0.40321743,-0.5187983,-0.5423509,0.32062218,-0.4626956,1.1061935,0.21567437,-0.27345514,0.7955277,0.7654759,-0.18535918,0.16729872,-0.94505966,0.17355281,-2.2759194,0.15149806,0.15203032,1.5982329,1.8942826,-0.6547281,-1.6871527,0.28724262,1.3708959,-0.5149505,0.2383197,-0.2885379,0.4677612,0.6820625,1.8338674,-0.23735356,-0.023476839,0.8089074,-0.21818745,1.9079707,-0.8422987,1.5479344,0.15877996,1.0996699
-1.3689705,1.0490744,-1.4470984,0.2961518,0.6430182,0.032660168,-0.97903836,-0.1073532,-1.2451609,-1.8093985,-0.72416145,-2.4164648,-0.15281695,-0.4599709,1.7572843,-1.532274,0.6598689,-0.4580703,-0.8701773,-0.7395162,-0.39350802,-0.13530883,1.9949722,-0.46918884,-0.11284175,0.062408317,-1.6974957,0.8618081,-1.5189575,0.2725874,0.7447512,-1.1720293,-1.2000057,-1.0391929,-0.3969723,0.95373935,0.005555407,1.4725301,-2.6680603,0.5230876,-0.19709796,-1.9099152,-0.116519086,0.016709518,1.1567068,0.002107652,0.3571118,-0.47248495,0.2657561,1.7570797,-0.21293421,-1.0380486,0.1446305,0.58593684,-1.359976,0.37777674,0.22427696,-0.62456566,0.43403897,-1.0294861,2.283742,-1.1796918,0.7538021,-0.78850245,-1.7718307,-0.28997067,-0.34060618,-0.87300205,0.5969492,0.30067614,-1.524751,2.345124,2.075583,-2.2473357,0.07444125,1.3251108,0.45283407,-0.5337233,-0.6798618,-0.3379695,-0.5252809,1.3726485,-0.6451453,-0.262174,-0.6747024,-1.0326577,-1.2192507,0.94712186,2.588022,1.1557239,0.26295263,0.05340151,-0.46500197,0.76024526,-0.13931547,1.0054368,0.61932355,-0.08729975,0.61593133,0.75988275,-0.32442743,0.5237282,-1.0688591,-0.2608206,-2.1333902,-0.19002278,0.47771707,1.569337,1.5400226,-0.7821368,-2.2943277,0.07451634,1.6621004,-1.0758682,-0.13477917,-0.88673973,0.49732795,0.26096678,1.7839743,-0.18285063,0.5091285,0.68128043,0.5905034,1.7993689,-1.9167644,2.0434115,-0.28064534,1.1474698
-1.3661906,1.4680446,-1.3814875,0.6496664,1.0019618,0.075356804,-0.835027,0.06366565,-1.0354054,-1.418595,-0.884411,-2.2872713,-0.2803546,-0.6812919,1.4813681,-1.0987192,0.23548315,-0.6148937,-0.8840062,-0.74957085,-0.46329752,-0.035007644,2.3599923,-0.32865033,0.013594647,0.30259758,-1.7178763,0.7634436,-1.7704029,0.6065809,1.0195678,-1.4575479,-0.99656844,-1.2830634,-0.30407807,0.93056834,-0.4955328,1.1834298,-2.638867,0.8023406,-0.7205092,-1.4006538,-0.855095,0.25177523,0.90571177,0.25094616,0.18881905,-1.0466905,0.34510863,1.8706105,-0.069152094,-1.0940925,-0.39144528,0.938178,-1.2267078,0.3963052,0.3910929,-0.52161026,0.09106074,-0.47095025,2.3628836,-0.86425644,0.68132454,-0.92341053,-2.3931441,-0.6135657,-0.06153724,-0.87055606,0.41971016,0.16286367,-1.7230082,2.8179936,1.6730283,-2.3147266,0.2038186,1.5764302,0.5061978,-0.11447143,-0.694591,-0.27040604,-0.7720059,0.8278802,-0.8198239,-0.45837808,-0.5351455,-1.1914026,-1.0529145,0.60985357,2.7603629,0.49587306,0.4200588,-0.12832823,-0.041134607,0.7681373,-0.4655696,0.9916775,0.44329184,0.13162912,1.1151406,0.4939734,-0.16111055,0.39376256,-1.0443515,0.1341307,-2.1921034,0.35487565,0.4011504,1.1987859,1.9954617,-0.4307468,-2.61373,-0.3650778,1.1893286,-1.1263192,0.33477402,-0.37562543,0.35240102,0.4085173,2.0541043,-0.28486478,0.6788264,0.4880388,0.30477622,1.2576182,-1.4611195,1.4334586,0.31221217,0.93915474
-0.83103204,0.8265637,-1.5878683,0.33019996,0.5282155,-0.078124195,-1.2519071,-0.35274962,-1.2119232,-1.5645952,-0.57252795,-2.1052985,-0.33455756,-0.6544349,1.4314712,-1.3754232,0.66751075,-0.6841345,-0.40650362,-0.91689736,-0.32167357,-0.003313961,2.103013,-0.8129561,-0.03452809,0.11640601,-1.592908,0.8665849,-1.7107677,0.40777725,0.9820643,-1.0473621,-1.3041466,-1.2621603,-0.5293616,1.2352539,0.0036760564,0.8228509,-2.3662086,0.42383823,-0.53685594,-1.3943927,0.24068913,0.58466023,1.2183341,0.14036123,-0.015814459,-0.45966855,0.048923247,1.6221585,0.14383335,-0.54777485,0.27618784,0.45432478,-1.7844454,0.3694144,0.14569634,-0.6651915,0.6957645,-0.9038577,2.564861,-0.5382281,0.8270362,-0.6205976,-2.2311335,0.22531134,-0.519302,-1.1074432,0.60964286,0.4248312,-1.4858389,2.6710103,1.5102992,-1.8376456,0.31948864,1.5519606,0.60506576,-0.70794374,-0.9255651,-0.5144226,-0.72501105,1.1979178,-0.79656726,-0.19953431,-0.6904854,-1.35326,-1.5087496,1.0909774,2.5088475,0.3714389,0.45531192,-0.13461511,-0.34417066,0.78576815,-0.54881024,0.6402252,1.0154289,-0.37720445,1.042098,0.9462833,-0.08247718,0.4761138,-1.3165056,-0.2747331,-1.802113,-0.24629031,0.23680954,1.9002185,1.8363409,-0.8833801,-2.2686408,0.54975414,1.7418298,-0.52785176,-0.52630967,-0.8917135,0.47013342,0.35084775,1.5402635,-0.34134644,0.6015336,0.5854439,0.29476193,1.6290085,-2.619558,2.0073745,-0.11989157,1.4660162
-1.4501064,1.1900439,-1.380593,0.6968438,1.0719668,0.32013968,-0.67399526,-0.029081114,-1.6301469,-1.6296899,-0.22438325,-2.2478812,-0.1126688,-0.6223267,1.6109596,-1.0087773,0.40150782,-0.7014621,-0.82974845,-0.8128193,-0.8336376,-0.26793447,2.4850235,-0.32955042,0.08447691,0.19933923,-1.5981228,0.9416304,-1.2891822,0.4805342,0.9510492,-1.2602141,-1.3551916,-0.9816077,-0.24211682,0.9937234,-0.5003708,0.4304359,-2.7390287,0.2765233,-0.44017145,-0.8244411,-0.18192361,0.5825751,0.7819998,0.2568142,-0.0070158667,-0.52311665,0.27961,1.697119,0.25418758,-1.1752843,-0.3043195,0.48251492,-1.8716586,0.295436,-0.068364084,-0.94597405,0.75050473,-0.6655216,2.2502403,-1.0269413,0.7136954,-0.6845219,-2.0775898,-0.543918,-0.14359757,-1.3645028,0.66390055,0.21016692,-1.5516361,2.7659986,1.309151,-2.0960236,-0.12542267,1.5866251,1.2787644,0.04149644,-1.3304726,-0.24887428,-0.060152248,1.4303337,-1.079344,-0.23445746,-0.7643062,-1.0423049,-1.4316489,0.5361218,2.6279802,0.8862984,0.21849222,-0.12996656,0.09161589,0.36157173,-0.4437906,0.57243323,0.5057246,-0.041791115,0.8277612,0.7979043,-0.17977,0.91746926,-1.0588595,-0.063564464,-1.9416515,0.3980004,0.47238648,1.7182186,2.070727,-0.7869936,-2.3112564,-0.41961157,2.1875255,-0.5843384,-0.6211138,-0.8154348,0.41209662,0.59478724,2.1431203,-0.39239803,0.14023496,0.4541508,-0.20499952,1.6062547,-1.2355973,1.3152894,-0.29859906,0.8311599
-1.1271659,1.2183766,-1.4972309,0.19151734,1.002069,-0.18270305,-1.1484079,-0.4704785,-1.1502162,-1.6258695,-0.6905454,-2.0905628,-0.36322716,-0.789369,1.5312159,-1.347836,0.33857936,-0.66861725,-0.7231481,-0.92134625,-0.42938578,-0.35511732,2.962164,-0.67142737,0.09293913,0.24164957,-1.5521066,0.8389169,-1.3643658,0.28648987,0.8803208,-1.4245685,-1.0852597,-1.0387137,-0.43684253,0.6745737,-0.0051670657,0.9641497,-2.5997324,0.24268676,-0.5678899,-1.2047389,-0.15562184,0.61984116,1.3246214,0.11093448,0.1017966,-0.47835705,0.0650328,1.7051334,0.23044908,-0.6545362,0.34936833,0.44978908,-1.4330835,0.34177718,0.284425,-0.6790404,0.21857001,-0.8583148,2.3692265,-0.820393,0.64249593,-0.59880483,-2.2741055,-0.11701581,0.05232535,-1.2621691,0.7363558,0.38083696,-1.9342042,2.6489701,1.6164638,-2.1380625,0.048594713,1.7207416,1.236705,0.0017700993,-0.9011214,-0.43769008,-0.78068805,0.9452971,-0.9829468,-0.19720876,-0.5922245,-1.0099056,-1.6102418,0.6180103,2.7577567,1.0000762,0.7305555,-0.69827336,-0.34099892,0.5147464,-0.32708985,0.6481902,0.4658302,0.18715894,1.1704398,1.311041,-0.017327627,0.8276063,-1.1554731,-0.26081875,-1.7371577,-0.3708879,0.16692658,1.3635792,1.8794969,-0.58328485,-2.5625598,-0.41138878,1.2719206,-0.79067916,-0.43733215,-0.5914198,0.34922317,0.35503432,2.048826,-0.39400592,0.4789107,0.5187595,0.3627301,1.4369476,-1.598031,1.7604162,0.008729034,1.0440769
-0.95530623,1.482285,-1.4488335,0.083205,0.42416602,-0.2862615,-1.2012014,-0.5697508,-1.4804282,-1.9389774,-0.3404614,-1.9444293,-0.24466342,-0.5068354,1.4886653,-1.3484874,1.095905,-0.697657,-0.85985327,-0.75812304,-0.10533582,-0.19596352,2.2346377,-0.11631866,-0.051444538,0.013065521,-1.59491,0.95975304,-1.3583319,0.2998033,0.8806118,-1.9232218,-1.256244,-0.8986953,-0.6054226,0.9018395,-0.47373873,1.307499,-3.0750482,0.45110664,-0.41084152,-1.8462393,0.39863813,-0.13967055,1.3045675,0.19127749,0.43834126,-0.5888066,0.07222205,1.7215945,-0.25560555,-1.0551976,0.43822667,0.44066423,-1.3021296,0.14940245,0.35677055,-0.6716409,0.16651364,-1.0887457,2.2702348,-1.0789614,0.46458685,-0.44089058,-2.060982,-0.048732948,0.034500435,-0.60606736,0.7129163,0.39291164,-1.4713144,2.6115956,2.050754,-1.9694544,-0.04945271,1.5084012,0.718529,-0.3761487,-1.1388667,-0.35524893,-0.40800217,1.3743343,-0.63629293,-0.35401863,-0.8039654,-0.8702956,-0.9460942,0.8423038,2.5687919,1.177039,0.18409349,-0.086498044,-0.5158494,0.64594966,-0.20674305,0.81398624,0.60240835,-0.38329822,0.718587,0.97837526,-0.38889197,0.45938697,-1.4831091,-0.10475861,-1.8394014,-0.3293678,0.49088207,1.4214286,1.7299745,-0.69887304,-1.8744318,-0.1425002,1.1262984,-0.64982647,-0.19762254,-0.5940852,0.15888518,0.5827236,1.7292067,-0.45090476,0.25178513,0.32433695,1.0495576,1.6675761,-2.5359578,2.1526747,-0.18894562,1.5155671
-1.516933,1.3734596,-1.7894777,0.6177351,0.84384745,-0.15781233,-1.2872914,0.24932982,-0.9580393,-1.4826556,-0.0956016,-2.3359149,-0.026910683,-1.2178417,1.3056189,-0.69412535,0.09370417,-0.49094996,-0.99564505,-0.6400232,-0.6871595,-0.28429234,2.0365636,-0.3580251,-0.18226719,-0.03481031,-1.7942913,0.957655,-1.9188534,0.8843799,1.4312243,-1.3416369,-0.9678641,-1.3528869,-0.33234864,0.9827593,-0.7364433,1.2148519,-3.0464637,0.68632275,-0.23699775,-1.0872235,-1.2275805,-0.17561468,0.6556479,0.14399219,-0.20395838,-0.62113965,0.5344609,1.8375897,-0.24273811,-0.7134757,-0.31565848,0.46369106,-0.79549587,0.36967456,0.7593942,-0.46771348,0.15551972,-0.6885741,2.926769,-0.85171276,0.3413281,-0.63889074,-1.7466315,-0.59708726,0.07790031,-0.858,0.6875117,0.47249493,-2.1818047,2.5963397,1.5922619,-2.492499,-0.076149434,1.4654018,0.35341504,0.0039298977,-1.120037,-0.57829475,-0.4445894,1.1155016,-0.83678275,-0.27577156,-0.5021137,-0.9180162,-0.8903517,0.15301724,2.7188525,0.74875015,0.18261562,-0.34883448,-0.18825732,0.58560425,-0.5855762,0.95351577,0.3051728,0.25903285,1.0074553,0.6443598,-0.2339876,0.51279676,-1.1218764,-0.07968253,-2.354411,0.1849685,0.306251,1.6166615,2.0303001,-0.35073963,-1.9731325,-0.12813833,1.5030321,-0.83180916,0.19562602,-0.31999913,0.12396905,0.75382584,2.140861,0.06867736,0.24598143,0.7519933,0.05476576,1.3967093,-0.9952388,1.1528687,0.36713138,1.044092
-1.0597168,1.4084111,-1.5503968,0.6040751,1.105927,-0.051992886,-0.8265754,-0.20392515,-1.4020052,-1.4777166,-0.7479706,-2.0679622,-0.3568171,-0.6490814,1.8479153,-0.9781449,0.32828668,-0.70689684,-0.69645476,-0.6308067,-0.53633416,-0.36895582,2.7578707,-0.2991457,0.2295034,0.24345393,-1.6241772,0.62900114,-1.3820355,0.6685917,0.96188515,-1.8336291,-0.7342123,-1.1137545,-0.5083607,0.96410733,-0.71774024,1.2694887,-2.677177,0.6867164,-0.5743305,-1.3889683,-0.45270774,0.1365113,0.8558244,0.45835027,-0.28085643,-0.6468695,0.032740302,1.8498793,-0.048655245,-0.22526374,-0.47715378,0.79009765,-1.2492055,0.1975753,-0.09433409,-0.8325554,0.49241605,-0.79524547,2.1461866,-0.7916361,0.36342373,-0.65952647,-2.2175417,-0.38045624,0.34288505,-1.0413512,0.4681263,0.29425505,-2.2321274,2.8018486,1.620113,-1.8902923,0.12595747,1.7607824,0.9989945,-0.049531795,-1.1264061,-0.26053876,-0.7642075,0.89255,-0.95693463,-0.29809403,-0.67305356,-1.2052329,-1.0204307,0.61240906,2.5839868,0.4144507,0.7241908,-0.7848006,-0.1282948,0.41951236,-0.3277337,0.600915,0.4224497,-0.26898596,1.2010409,1.2027717,-0.026670845,0.65969884,-1.6257387,-0.19470645,-1.9173275,0.06776976,0.4098705,1.2488306,2.0963428,-0.5236126,-2.3862724,-0.2552071,1.8671314,-1.0020978,0.38138562,-0.47749126,0.2257684,0.15283878,2.3968902,-0.38529506,0.51961285,0.27065453,0.0095013445,1.4196682,-1.0660888,1.1664788,-0.009529762,1.1806513
-1.2909096,1.5949067,-1.9795411,0.20824046,0.8065707,-0.20954587,-1.232558,-0.4159908,-1.4359334,-1.7220242,-0.5478671,-1.9838761,-0.271108,-1.0300342,1.591202,-1.234275,0.21119696,-0.8846001,-0.77525437,-0.8397768,-0.10812152,-0.8859959,2.6913228,-0.30374202,-0.000979867,0.1481535,-1.7337958,1.0062507,-1.0260516,0.7122468,0.6734377,-1.5504897,-1.0474741,-0.7009404,-0.37115163,0.8560256,-0.31488702,1.0802063,-3.2552783,0.83693194,-0.04327222,-1.0846851,-0.32370445,0.3652605,0.9038968,-0.12138467,-0.13121912,-0.3446983,0.056774694,1.725859,-0.20367259,-0.16234839,-0.37114456,0.8655431,-1.3981557,0.12370033,0.4848557,-0.8759224,0.37190953,-0.7087622,2.7245631,-0.67854404,0.54525644,-0.36334693,-1.6486087,0.026414502,0.00032392744,-1.4868321,0.7744074,0.8075551,-1.9687848,2.465632,1.7372739,-2.1286922,-0.63313675,1.822446,0.76746553,-0.09513136,-1.3726912,-0.5106508,-0.94708943,0.87802845,-0.50819427,-0.108917505,-0.53702754,-1.0445161,-1.1592778,0.5451865,2.7670891,1.0846317,0.78069955,-0.70750135,-0.26570424,0.27560407,0.073962845,0.7615955,0.7275841,-0.10097703,1.1386143,1.7479521,-0.09952951,0.58766234,-1.241713,-0.5132914,-1.8735093,-0.49817556,0.10658471,1.3771528,1.5051615,-0.20050369,-2.0954783,-0.57779974,0.8266252,-1.1944712,-0.23639154,-0.42558476,0.09208955,0.73193187,2.0018232,-0.26021078,0.4906834,0.16014375,0.42478585,1.7142767,-1.0256311,1.4856526,-0.07008665,1.219606
-1.1895345,1.2868772,-1.6956973,0.50224817,0.69257843,0.02073863,-1.3531916,-0.06033809,-1.2478229,-1.6348679,-0.78875464,-2.222783,0.058834333,-0.48992336,1.3264704,-1.2573851,0.23927714,-0.71784806,-0.50276417,-0.66985583,-0.50965303,0.059281267,2.599773,-0.65027726,-0.00864079,0.56892765,-1.5641948,1.0517765,-1.5768131,0.22802542,0.74961174,-1.1211716,-0.9089032,-1.1099627,-0.31649402,1.2677851,-0.2265876,1.3641729,-2.6531541,0.75607085,-0.5226598,-1.5707908,-0.09887477,0.7098216,0.7589017,0.3122136,0.14737484,-0.4920323,0.23743764,1.491705,0.19566649,-0.68707055,-0.00030042575,0.7112369,-1.5894514,0.60572016,0.3639097,-0.77175385,0.19988334,-0.763816,2.3748183,-1.1015373,0.660953,-0.5783785,-2.6040597,-0.30416027,-0.038722076,-1.2251401,0.5687529,-0.04286604,-1.6140583,2.8453538,1.5523907,-1.8423318,-0.34046617,1.3234617,0.67029184,-0.142352,-0.7439471,-0.13025194,-0.6883355,0.9658169,-0.7524877,-0.36038625,-0.7237575,-1.3785412,-1.4014452,0.6515961,2.5895648,0.6903961,0.43973282,0.10747201,-0.16870672,0.61711425,-0.41518858,0.7716876,0.74401283,-0.17374034,0.8591308,0.83758456,-0.28193796,0.30554575,-1.2623763,-0.168664,-1.9636422,0.23605374,0.29429418,1.5184851,1.9087987,-0.7864679,-2.5206668,-0.40115798,1.3516413,-0.94261837,0.076837905,-0.7089639,0.5820186,0.79998106,2.0609143,-0.5491201,0.64892167,0.32085314,0.31518033,1.5020611,-1.7372658,1.6516873,-0.30116642,1.3024999
-1.1961274,0.912248,-1.0981363,0.7639576,0.7576364,-0.22342059,-0.5884399,-0.07545283,-1.3538417,-1.8604851,-0.66449475,-2.5055985,-0.37079257,-0.6084522,1.6783139,-0.89846635,1.0829502,-0.6943026,-0.9115504,-0.9557576,-0.9449484,-0.34640047,2.97047,-0.5839089,-0.16866298,0.09890131,-1.7867125,0.9310241,-1.2950841,0.48638076,0.67299443,-1.6602256,-1.143364,-1.079111,-0.54109734,1.0006796,-0.43602172,1.3453493,-2.8260193,0.61896276,-0.19426577,-1.4631084,-0.78458124,-0.14477807,0.712768,0.07271968,0.12563317,-0.5589098,0.23062831,1.869006,0.16746403,-0.67134386,0.0924979,0.86646634,-0.8768419,0.4835958,-0.35184422,-0.8188856,0.5308798,-1.0286528,2.1350322,-0.71144795,0.49372286,-1.0920557,-1.9114361,-0.94880974,-0.25153714,-1.1517614,0.7316885,0.103225425,-1.8685619,3.0393248,1.6616354,-2.0223925,0.28680277,0.87515706,0.8280609,-0.08432123,-0.58180666,-0.21403345,-0.7938158,0.9533502,-0.68460834,-0.27382016,-0.73593897,-1.1252624,-1.1853231,0.6083383,2.5643399,0.8469474,0.8626287,-0.45421064,0.112865046,0.16605039,-0.06668986,0.50665116,0.2278536,0.26713535,1.1927164,0.98491305,-0.07374463,0.5687772,-1.2217461,-0.11468782,-1.8359251,0.14856611,0.56066155,1.0852969,1.9952321,-0.5268227,-2.5029588,-0.33630514,1.992306,-0.81554013,0.08880872,-0.48343867,0.71610695,0.27776456,2.111519,-0.6047972,0.48021832,0.89239025,0.11668923,1.2432853,-0.72889566,1.3019533,0.10930148,0.8313159
-1.7727642,1.0697285,-1.3804536,0.52898484,1.104997,0.012312721,-1.237295,0.272394,-1.2757634,-1.3184264,-0.31168076,-2.2739382,0.1517377,-0.9300835,1.3192313,-1.1246159,1.0343108,-0.9710801,-1.0332828,-0.67367274,-0.67614967,-0.114805475,2.2424493,-0.41562605,-0.17835943,-0.26140708,-1.8054065,1.2228396,-1.3140701,0.8224982,1.3520551,-1.4853373,-1.360913,-1.2407075,-0.14117508,1.0938939,-0.6030961,1.28766,-3.1849504,0.689272,-0.2464562,-1.5746521,-1.0167301,0.034460023,0.897232,-0.5404035,-0.334415,-0.3771481,0.4838549,2.0332673,0.07624234,-0.3329102,-0.21239266,0.6152778,-0.84816825,0.6830343,0.79739887,-0.25858346,0.3856486,-0.9227707,2.371102,-0.38225812,0.4462486,-0.91394776,-2.2683158,-0.42150298,-0.27491936,-0.69712967,0.8023856,0.7050136,-1.7597334,2.5355062,1.2429421,-2.8997672,0.20114791,1.3513477,0.30162665,-0.5137506,-0.80821115,-0.32442093,-0.8408669,0.9497286,-0.83759165,-0.30410472,-0.6567198,-1.2988431,-1.1549447,0.29326075,2.5975568,0.40209562,0.2702814,-0.81304866,-0.70137745,0.23621473,-0.5434693,0.5114999,0.3476049,0.087242715,1.2804484,1.0765706,-0.31144553,0.21706499,-0.9752281,-0.10357844,-1.8926021,0.49740887,0.38457352,1.375269,1.8661238,-0.026363011,-2.135322,0.29682732,1.3301678,-0.65302634,0.2943273,-0.12944897,0.23454832,0.92974395,1.8108891,-0.11408221,0.56215155,0.6116477,-0.19298893,1.2922771,-0.8998427,1.7190784,0.10504562,0.9438425
-0.8533346,0.96723354,-1.699558,0.7356074,0.84094685,-0.44449452,-1.2170581,-0.11277541,-1.517254,-1.4584166,-0.8317633,-2.1645572,-0.41571623,-0.84739465,1.5117741,-1.319081,0.9648662,-0.9103378,-0.6736176,-0.6401887,-0.6965103,-0.29496232,2.6798518,-0.7815757,-0.20029001,0.05899484,-1.800235,0.90579855,-1.691532,0.5696621,0.9875128,-1.7544018,-0.9592535,-1.0944823,-0.13717854,0.996766,-0.33616936,1.3219981,-3.092393,0.46829426,-0.36585248,-1.6071402,-0.5641016,0.2266034,0.8557054,0.040369146,0.115209244,-0.13143389,0.05266132,1.5972519,0.20489381,-0.3276845,0.37168193,0.16706638,-1.4104009,0.55903935,-0.020646363,-0.48014918,0.56628275,-1.0457426,2.5097556,-0.4722388,0.58447725,-0.4129769,-1.7370958,-0.29091695,-0.50687087,-1.1207364,0.59299034,0.47223538,-1.4875002,2.9958992,1.5603703,-1.9010886,-0.2245433,1.2868841,0.8856454,-0.5358643,-0.7228563,-0.42943367,-0.90373987,0.7278878,-0.4042343,-0.2624878,-0.62920415,-1.007649,-1.0723191,0.2114222,2.663793,0.82131726,0.91889644,-0.058193296,0.05503603,0.87791985,-0.34786874,0.60393345,0.4949335,-0.19179936,1.014162,1.1565562,-0.45356256,0.38223574,-1.4120804,-0.28141427,-2.076529,-0.30574498,0.52455735,1.1235743,1.7794828,-0.44790265,-2.2742414,-0.28647044,1.6032418,-0.87443626,-0.2549398,-0.76498276,0.87519634,0.6873369,2.092914,-0.5986149,0.60039026,0.65050864,0.43364727,1.1363455,-1.3810229,1.6745206,-0.10692704,1.5852015
-1.3651335,0.7873911,-1.2914232,0.57844836,0.67812514,0.046190694,-0.67047864,0.26919934,-0.76310796,-1.344012,-1.3496673,-2.4712763,-0.33941,-0.82972646,1.5515652,-1.557092,0.48997152,-0.5214703,-0.2828651,-0.8578355,-0.65074176,0.0037851343,1.9607531,-0.44982094,-0.30958477,-0.058586072,-1.746408,0.7581499,-1.8071282,0.37640932,0.8962065,-0.6218483,-1.2139295,-1.0640277,-0.1071125,1.0048767,0.01994099,1.2368037,-2.646747,0.6591819,-0.43020475,-1.6533971,-0.28940186,0.51541656,1.1607975,-0.027959812,-0.013427909,-0.566814,0.08209069,1.9691583,0.16543765,-1.0918807,-0.18085037,0.6057238,-1.5012313,0.4119769,0.19055596,-0.7524863,0.8068438,-0.59386337,2.3387191,-0.6262862,1.0759648,-1.0509702,-1.8048825,-0.42739946,-0.61593854,-1.191887,0.63063955,0.4917083,-1.5415541,2.2229578,1.874412,-1.9360363,0.08264608,1.218979,0.49551138,-0.745098,-0.3779009,-0.47256556,-0.43103504,1.4644551,-0.6444517,-0.39870593,-0.6294016,-1.1367381,-1.4147159,1.1177894,2.7334406,0.8509637,0.16865383,0.17842385,-0.56944895,0.39560232,-0.46730918,0.97784424,0.3090063,-0.111040406,0.7690766,0.75340176,-0.058426745,0.4918777,-0.69034433,-0.10991868,-2.4191225,0.44341782,0.18088254,1.7825929,1.8653569,-0.59267974,-2.4958248,0.4332593,1.7496623,-1.1326915,-0.120845184,-0.9195432,0.42005885,-0.12789723,1.6495475,-0.43020108,0.6482501,0.3366002,0.06800571,1.8640386,-1.3007984,1.7515886,-0.47598147,1.0603206
-0.9711804,0.7531422,-1.5138001,0.32643285,0.42433575,-0.14026216,-1.123198,-0.27219695,-1.3377723,-1.521163,-0.95394456,-2.2888048,-0.48304707,-0.61957777,1.715905,-1.7271913,0.7669683,-0.922672,-0.31797275,-0.9340051,-0.30037588,-0.014560314,2.400849,-0.70959044,0.069054656,0.290032,-1.5377895,1.1594367,-1.532771,0.964509,0.8604223,-1.5081053,-1.0576789,-0.8050237,-0.6652928,0.99848,-0.10899617,1.0078104,-2.883178,0.32759395,-0.39455065,-1.407261,0.08270012,0.6750609,1.0313659,-0.52340716,0.027033249,-0.39228597,0.27845907,1.4001423,0.25907463,-1.1874261,0.61423814,0.2357706,-1.8177037,0.5658885,0.289533,-0.5965923,0.58793724,-1.2139405,2.5438867,-0.4456618,0.44719005,-0.88900876,-1.9234401,-0.2554257,-0.28387338,-0.8614541,0.7856789,0.8231223,-1.6386036,2.3345835,1.5658588,-1.6697876,0.09551923,1.4153825,0.75117445,-0.45641375,-1.0009086,-0.16897999,-0.5808293,1.3194317,-0.81939507,-0.44123822,-0.6107679,-1.2362757,-1.4808313,0.6663629,2.8069625,0.9760124,0.7436619,-0.38230914,-0.21965228,0.27785683,-0.21109255,0.4701886,0.752095,-0.042699188,1.2100048,1.0608954,-0.11503531,0.34338588,-1.5421418,-0.5195127,-1.825567,-0.2995926,0.4308373,1.284172,1.5957611,-0.6506835,-1.9611849,0.14239068,1.5462457,-0.69053936,-0.42213887,-0.8762627,0.5500572,0.6266413,2.0534215,-0.5373356,0.4729965,1.0103194,0.060417563,1.6275717,-2.00941,1.8810697,-0.08021667,1.3651315
-1.1198337,1.4175541,-1.5543048,0.40180618,0.8256887,-0.24396534,-1.0357722,-0.19106652,-0.9351619,-1.920248,-1.043457,-2.1408432,-0.37101,-1.3024868,1.3695893,-1.0855731,0.28253424,-0.769434,-0.5092136,-0.8606821,-0.39040807,-0.47954255,2.5033681,-0.09299079,-0.047271743,0.12823167,-1.9131564,0.6042294,-1.6717261,0.48891467,1.4286344,-1.27488,-0.91903305,-0.89187175,-0.34612885,0.67058694,-0.3120788,0.99746644,-2.4069014,0.58817834,-0.49708128,-0.9102415,-0.5579637,0.50027436,1.0537527,0.13461049,-0.1314523,-0.4379116,0.1058751,1.6320512,-0.13951685,-0.54456085,-0.54689413,0.8128127,-1.3797336,0.27860928,0.5440794,-0.78595227,0.27593136,-0.32397246,2.4073334,-0.44361123,0.3589773,-0.433077,-1.8915738,-0.07574824,0.083876915,-1.2540507,0.60184896,0.252707,-2.1922076,2.8094988,1.8499361,-1.8905448,-0.03634258,1.7393901,0.6129265,-0.3375611,-0.8698821,-0.51866806,-0.68925494,1.0480034,-1.1808044,-0.05905568,-0.57647765,-1.0590146,-1.4102061,0.8712188,2.3485086,0.6267432,0.779324,-0.7634308,-0.3916482,0.24324128,-0.7699644,0.8880252,0.29490206,8.964734e-05,1.1812153,1.1817174,0.17294839,0.9674123,-1.0350868,0.17366408,-2.1212974,0.024740359,0.15372376,1.5699433,2.163923,-0.424449,-2.555175,-0.40092483,1.0839698,-1.1358253,0.14062339,-0.65271676,0.29096064,0.56936777,2.31457,0.024967518,0.42456526,0.31091386,0.10710314,1.6425893,-1.2770553,1.3153181,0.096798934,1.2444676
-1.0876006,1.1293496,-1.4659306,0.25067094,0.52841383,0.1097747,-1.2271482,-0.53728074,-1.4111006,-2.0902014,-0.45090654,-2.0857804,-0.35919267,-0.51298743,1.4876618,-1.3602773,1.1065152,-0.7720244,-0.8794546,-0.7922782,-0.27276045,0.06777187,2.4208267,-0.58701307,0.07202729,-0.08341185,-1.5791831,1.0521922,-1.4212508,0.047208413,0.6555936,-1.3183011,-1.0985191,-0.8034191,-0.47913477,0.99605703,-0.23849447,1.3070526,-2.7556605,0.53252906,-0.42288992,-1.707855,-0.012470588,-0.04989539,1.0610793,-0.15661447,0.37347078,-0.46251607,0.2490778,1.5556145,-0.04366175,-0.8865911,0.568826,0.37843925,-1.3616202,0.37298533,0.27932483,-0.32189128,0.22429949,-0.9688558,2.3868265,-1.2220592,0.43748727,-0.40424785,-2.267834,0.034268264,-0.097757146,-0.8830617,0.833843,0.118259616,-1.2562304,2.7868009,2.0157177,-1.9431067,-0.045760147,1.302977,0.6144829,-0.49909675,-1.0454018,-0.42336,-0.680987,1.2472432,-0.49402365,-0.11166315,-0.62156326,-0.91760975,-1.2699744,0.6568145,2.6256673,1.1191428,0.18181163,-0.17318457,-0.6313763,0.61340064,-0.45944217,0.8046381,0.68908465,-0.36482897,0.9034287,1.0548759,-0.5595544,0.32141694,-1.1353056,-0.03931161,-1.7465314,0.027311822,0.38750702,1.5121933,1.7465916,-0.8482068,-2.3106477,0.01920988,1.3165331,-0.64154243,-0.3126105,-0.6529988,0.3306887,0.52000135,1.9178964,-0.3736366,0.19484401,0.4738738,0.7303062,1.9745572,-2.3257673,2.1758647,-0.10198163,1.0002027
-1.383551,1.1656483,-1.5727441,0.4985067,1.0126365,0.043365795,-1.1562572,0.16787569,-1.4033513,-1.5225053,-0.95503443,-2.2230263,-0.07866279,-0.9016762,1.714958,-1.1671551,0.5110692,-0.7517518,-0.3536848,-1.0756357,-0.7059734,-0.038101185,2.2561536,-0.28061774,-0.2929516,0.30831206,-1.5781227,1.0227895,-1.6033528,0.41296437,1.2233483,-1.2400849,-1.1134204,-0.95205426,-0.24302286,0.83431923,-0.38123202,0.9436575,-3.1026573,0.56732285,-0.8250805,-1.4896234,-0.13472761,0.4824455,0.8311907,0.37108728,-0.20902956,-0.75838447,0.33998942,1.8174663,-0.10478753,-0.9044842,-0.3097153,0.7713706,-1.4526914,0.68665785,0.53537726,-0.87244284,0.72931373,-0.641396,2.5063057,-0.6993443,0.73325807,-0.8852415,-1.8674649,-0.35325384,-0.037262823,-0.9370198,0.32976016,0.5420286,-1.5045518,2.7637773,1.4111471,-2.21297,-0.235523,1.7034307,0.52443165,-0.55432564,-0.8049137,-0.14963914,-0.30383164,1.0343934,-1.0961798,-0.35366523,-0.80788535,-1.1575072,-1.2652074,1.0025576,2.5469277,0.5150038,0.479866,-0.16982163,-0.3503556,0.5500903,-0.56661105,0.87125385,0.55233645,-0.07552054,1.0126523,0.8962806,-0.2355521,0.44730884,-1.0603245,-0.36458647,-2.0916336,0.28123656,0.40774086,1.8866553,1.9751798,-0.5187847,-2.2098348,-0.17996141,1.2690912,-0.8734564,0.0028835032,-0.5713467,0.36494446,0.34692627,1.883781,-0.005142772,0.44803658,0.23324914,0.03703877,1.3055446,-1.5894161,1.8500414,-0.1818399,1.4345279
-0.99899113,1.4735926,-1.58038,0.3917653,0.3174681,-0.045797884,-1.1268492,-0.30635026,-1.4540566,-1.9652501,-0.5055069,-2.0246258,0.004480458,-0.4491249,1.140043,-1.1429427,0.72367,-0.6739142,-0.88483036,-0.57998586,-0.42788368,0.01566039,2.8345582,-0.524703,0.03268443,0.27200374,-1.8721381,0.94595134,-1.3538721,0.55862015,0.8391084,-1.8994104,-1.0898863,-1.187428,-0.5109805,1.51182,-0.26955405,1.0604585,-2.7972486,0.5429635,-0.15725888,-1.237614,0.07812221,0.26064032,1.0062158,-0.2677785,-0.025893012,-0.46554494,0.17056009,1.5107735,-0.18592657,-0.81320214,0.02226974,0.2294154,-1.3201258,0.427121,0.5534372,-0.7354232,0.34878555,-0.99784017,2.8784978,-1.1997714,0.50158536,-0.4362417,-2.253492,-0.14942387,-0.4963359,-1.057409,0.51902837,0.4241071,-1.3840983,2.7510898,1.5236459,-1.8811702,0.1880266,1.3696456,0.46222395,-0.37359205,-0.61189467,-0.36985183,-0.53691334,1.2150967,-0.894496,-0.62926066,-1.0196866,-1.3691341,-1.1593322,0.8544288,2.5090797,0.46740955,0.6214311,0.054367967,-0.3792979,0.31807917,-0.45153698,0.64749646,0.73758614,-0.038523287,1.1233901,0.8238418,-0.119923055,0.4200594,-1.4293275,0.10836185,-1.7863917,0.13677059,0.40693098,1.6079885,1.7679667,-1.0939001,-2.0615664,0.16332026,1.1393392,-0.5899178,-0.19070362,-0.5650734,0.67191154,0.57792956,1.684202,-0.41415948,0.5323385,0.6638386,0.2567734,1.619183,-2.0066571,2.0549107,-0.2693837,1.2291349
-1.2924266,1.1015114,-1.6357456,0.470871,0.42822626,-0.07534962,-1.1833298,-0.5189255,-1.2979709,-1.7954044,-0.3087091,-2.2961414,-0.34426445,-0.8103932,1.475215,-1.3714021,1.1384072,-0.6979833,-0.9653364,-0.8670381,-0.6609355,-0.21843204,2.1003604,-0.4850153,-0.40998593,-0.21425728,-1.8487382,1.1457374,-1.2600626,0.7058784,0.46452856,-1.2692122,-1.34501,-1.1024387,-0.2104856,0.8897278,-0.46294802,1.3052086,-3.689395,0.70698553,-0.12698258,-1.921785,-0.3175641,-0.007336652,1.1739852,-0.28919828,0.16455467,-0.4458113,0.16401519,1.55248,-0.11224288,-0.9116766,0.42124975,0.16989908,-1.4175626,0.4563805,0.22722983,-0.3010397,0.3570214,-0.9828578,2.2844536,-0.6908283,0.4569871,-0.43635607,-1.8322686,-0.0065473695,-0.33691502,-1.0025712,0.75509644,0.73381966,-1.1825459,2.738065,1.8267256,-2.2220724,-0.22961275,1.500645,0.5468661,-0.40142727,-1.1842002,-0.47889587,-0.49195248,1.6034819,-0.2505023,-0.10866262,-0.4748491,-0.8230847,-0.931551,0.53780013,2.6454623,0.81240875,0.32586274,-0.35436624,0.08160863,0.6262194,-0.34004605,0.8395871,0.8402301,-0.50136685,0.6412168,1.062645,-0.4010898,0.407999,-1.0321834,-0.15533307,-1.7736876,-0.28303567,0.83099097,1.6145097,1.4968864,-0.6903032,-2.158137,-0.043655995,1.5205485,-0.66049534,-0.6609275,-0.60066366,0.48737946,0.6118143,1.8647989,-0.2566982,0.16554287,0.49380988,0.6125947,1.7585423,-1.2440637,1.8704923,0.06355175,1.4254303
-1.6527934,1.4321085,-1.6115701,0.4924468,1.0277716,-0.07415158,-1.2298117,0.022722412,-0.90463245,-1.2815158,-0.6471929,-2.3823173,-0.38296878,-0.84649575,1.5452851,-1.0014249,-0.13392827,-0.56981593,-0.8556357,-0.86918926,-0.3567259,-0.23137653,2.1496625,-0.1530172,-0.0186992,0.048649758,-1.9289615,0.7600373,-1.6842632,0.7657756,1.1557848,-1.3056111,-0.8783029,-1.078873,-0.4852659,1.0970901,-0.56470466,1.2299031,-2.8097525,0.5088262,-0.48251936,-1.4425217,-0.9019576,0.17799665,0.9013221,0.016217308,0.03553156,-0.7323773,0.62346756,1.7997652,-0.26239875,-0.68463284,-0.40541556,0.7445522,-1.17359,0.69815534,0.62223214,-0.6784499,0.19148186,-0.5251155,2.5755038,-0.22202773,0.6035791,-0.6906334,-2.0451136,-0.57027423,-0.0009416918,-0.8252854,0.5765335,0.60776347,-2.0993598,2.7947555,1.6206752,-2.736536,-0.16305558,1.6589552,0.4613413,-0.02787317,-0.96852463,-0.09450705,-0.63357097,0.91214615,-1.1964784,-0.23708759,-0.29991424,-0.9259794,-1.1165365,0.311989,2.563642,0.36849746,0.43454677,-0.8563779,-0.23980348,0.15577964,-0.48900628,1.0519005,0.4500109,0.11250012,1.3313746,0.76100916,-0.13479196,0.36967134,-1.0270722,-0.008066893,-2.1492553,0.11309191,0.31413168,1.5531689,2.01705,-0.13447711,-2.321483,-0.27762133,0.9248503,-0.93309486,0.52346337,-0.3794172,0.23609437,0.8067732,2.1662283,-0.21435617,0.44113612,0.49758536,-0.037754156,1.2109207,-0.72927016,1.2421968,0.2928259,1.0117337
-1.0840425,0.97285604,-1.3838121,0.34716958,0.6836535,-0.202987,-1.3810554,-0.37649387,-1.5229977,-1.5816593,-1.0699769,-1.8589646,0.040597226,-0.43602675,1.6846212,-1.1307622,0.9097122,-0.7904173,-0.4913544,-0.57092017,-0.5529776,-0.13718426,2.277069,-0.5131774,-0.34799817,0.37030023,-1.6767886,0.9620285,-1.27525,0.4381205,0.80230415,-1.8436573,-0.9110626,-1.3579242,-0.22174591,1.0848904,-0.78736705,1.6646217,-3.1589575,1.098908,-0.5929139,-1.880416,0.04517461,0.29503623,1.0249745,0.21858336,-0.05257983,-0.49379265,-0.1582702,1.3466946,0.14762667,-0.32607305,0.044686537,0.6786183,-0.7866414,0.5640056,0.3391321,-1.0574962,0.29084572,-1.3839215,2.075361,-0.75958997,0.5240798,-0.9587588,-2.091724,-0.4565314,0.09048567,-0.85805184,1.202318,0.5353464,-1.9762652,2.6629972,1.6540095,-1.5472168,-0.2139413,1.2345282,0.755411,-0.4472392,-1.0595137,-0.2493388,-0.7737551,1.0930924,-0.59896654,-0.46766576,-0.9553632,-1.6601114,-1.316369,0.67294014,2.5289903,0.64292085,0.6792701,-0.66969126,0.030266415,0.34904,-0.3149044,0.5929805,1.0963694,-0.2381086,0.80138016,1.0938455,-0.024232687,0.502541,-1.593914,-0.3586229,-1.5219404,0.385361,0.39655036,1.6193668,1.4794817,-0.5323389,-1.9596047,0.18534033,2.2806911,-1.2483612,0.44415352,-0.5299724,0.4550209,0.091103405,2.0258517,-0.21927297,0.75497437,0.55978805,0.42676798,0.73571557,-2.0240114,1.5816854,0.033008207,1.6822118
-1.3010188,1.1442795,-1.4751924,0.430337,0.42384085,-0.06527454,-1.3336153,-0.19286044,-1.2738086,-1.9056389,-0.49907658,-2.362402,0.31983298,-0.603507,1.0843165,-1.0889105,0.66740334,-0.50679773,-0.82320076,-0.79081625,-0.7468001,0.2569339,2.2136593,-0.4386464,-0.17874292,0.233351,-1.7439483,1.1252453,-1.6883185,0.37466848,0.8369471,-1.1284031,-1.0346104,-1.2104697,-0.12999381,1.3356559,-0.1994612,1.3519069,-3.0178564,0.5198192,-0.46863866,-1.682641,-0.47982734,0.378508,0.8585549,0.13849466,0.1436213,-0.4189085,0.2511781,1.5551231,-0.38210487,-1.0147809,0.17596649,0.30522662,-1.26408,0.78136194,0.57291555,-0.63129497,0.47166917,-1.0642413,2.3201478,-1.2574344,0.657684,-0.53641385,-2.2117374,-0.49777102,-0.052204516,-1.1251079,0.49267668,0.22340074,-1.4224571,2.857425,1.5504715,-2.310075,-0.018703056,1.331246,0.6023434,-0.354666,-0.5138967,-0.39664257,-0.46122232,1.166139,-0.7996771,-0.25921237,-0.8142354,-1.1011723,-1.2957861,0.66507137,2.5542967,0.88955015,0.35423228,0.16682608,-0.13200633,0.885076,-0.6529621,0.8084919,0.49071404,-0.070035405,0.9349479,0.5849623,-0.29570377,0.46762726,-1.152248,-0.06788914,-1.9763218,0.15334342,0.51798916,1.8906968,1.7108195,-0.81293434,-2.1387205,0.051140327,1.5580518,-0.7169325,-0.25713363,-0.69266313,0.4955128,0.6054428,1.7005329,-0.26874182,0.47214964,0.53570855,0.5066793,1.1831104,-1.6493444,2.0309038,-0.003713923,1.3921816
-1.3134375,1.0888984,-1.4479976,0.5873485,0.468977,-0.35583806,-0.5907355,-0.1642518,-1.2542907,-1.7730576,-0.34489745,-2.2601118,-0.27467942,-0.88574857,1.4623748,-1.0365173,1.1258255,-0.67590404,-0.6497705,-0.6945641,-0.4929392,-0.3162572,2.4670148,-0.5751113,-0.1126163,-0.1629317,-1.8373746,1.0132427,-1.802648,0.560385,0.8967117,-1.6388428,-1.0031302,-0.86192644,-0.349506,0.8307658,-0.22902222,1.4317284,-3.127,0.50316626,-0.26286513,-1.6707833,-0.21306719,0.13366894,1.0427951,0.17500041,0.30821392,-0.41302463,0.13776399,1.9002081,-0.20486693,-0.971926,0.12637892,0.27544823,-1.7966418,0.51721483,0.26017988,-0.6659069,0.59437686,-0.7882946,2.4892573,-0.8968125,0.27859744,-0.7192116,-1.9508947,-0.6253893,-0.51334095,-0.9125847,0.2656624,0.3050738,-1.7671196,2.8287506,1.3510755,-2.1016126,-0.23564494,1.4878486,1.0646317,-0.34288737,-0.79043067,-0.51111287,-0.32520646,1.0525416,-0.5807695,-0.27407622,-0.8160806,-1.188271,-1.0498829,0.6400791,2.5524774,0.6920647,0.63763344,-0.26723337,-0.054479603,0.40183362,-0.41864252,1.1186168,0.6097648,-0.4264305,0.86619604,0.86588013,-0.26126194,0.44563547,-1.1511048,0.057832,-2.1580565,0.27752143,0.49740338,1.4619037,1.8811836,-0.86456275,-1.8844228,-0.058743253,1.2846663,-0.52415144,0.01081422,-0.5360104,0.4906105,0.54176754,1.7580576,-0.48597425,0.33690792,0.35370815,0.50624424,1.532697,-1.1985238,1.8934385,-0.012412693,1.6868159
-1.313788,1.5491837,-1.6869284,0.18089963,0.45122024,-0.045878053,-1.2841659,-0.4850067,-1.1264153,-1.6476524,-0.24258646,-2.3147426,-0.51247334,-0.89212745,1.4552202,-1.2039459,0.02794358,-0.4462075,-0.6636306,-0.7089167,-0.5185531,-0.48062924,2.564614,-0.17743708,-0.24430965,-0.08215162,-1.8201735,0.61534464,-1.3114088,0.6029122,0.86009645,-1.4137808,-1.2008328,-1.1316179,-0.17197831,0.6754528,-0.45024383,1.2265137,-2.7191246,0.4531496,-0.0650415,-1.1872822,-0.028022723,0.16822729,1.2220958,-0.22750883,0.00843016,-0.5283207,0.1279089,1.65758,0.40657467,-1.0226948,-0.15925594,0.56855327,-1.4426638,0.6367497,0.3643883,-0.790503,0.107715756,-1.1765738,2.5015469,-0.38066375,0.42682636,-0.48819205,-2.2375476,-0.19945985,-0.24616195,-1.0978311,0.96864414,0.41873023,-1.7665415,2.7011373,1.8721591,-2.27308,-0.11560313,1.2038568,0.9100617,-0.17559475,-1.13105,-0.22282179,-0.55088496,1.3847481,-1.1559111,-0.24348488,-0.38621277,-0.7893417,-1.5934503,0.70220906,2.4097168,1.0305964,0.7795892,-0.66061467,-0.2337605,0.4150292,-0.097882226,0.5421276,0.69182295,-0.050190777,1.3770998,1.3433863,0.10974862,0.79788375,-1.1363552,-0.57930785,-1.455293,-0.36145756,0.4273942,1.4686413,1.6338,-0.2767455,-2.6559882,-0.43123958,1.3896108,-0.950471,-0.29701737,-0.6723687,0.3415161,0.863789,2.2184067,-0.39229313,0.55638677,0.4220054,0.27806956,1.4733155,-1.0169566,1.527454,0.25931418,1.01064
-1.4500012,1.3883855,-1.8475016,0.4727883,0.77436215,-0.15827078,-1.4966565,-0.18396471,-1.0764633,-1.5124419,-0.20433035,-2.2153838,-0.54605794,-0.7899049,1.3582724,-1.0857909,0.37497592,-0.5660708,-1.1046466,-0.6249026,-0.5926846,-0.150716,2.4231904,-0.49110818,-0.2454641,-0.0018419712,-1.6473231,0.8344485,-1.8584908,0.6482134,1.2741997,-1.4915082,-0.90885556,-1.1167421,-0.50512683,0.8711025,-0.53997314,1.3889796,-2.8231077,0.5428802,-0.26002795,-1.4928633,-0.8674875,-0.0899914,1.2240621,0.033159167,0.18170722,-0.6292064,0.213083,2.0458102,0.1712767,-0.61530274,-0.17873718,0.35289282,-1.2938706,0.2652893,0.19423504,-0.36901188,0.09400657,-0.86436355,2.958317,-0.57882506,0.60181737,-0.2583963,-2.05473,-0.16427967,-0.1804911,-0.6362655,0.44683334,0.29707727,-1.542823,2.4870224,1.7721484,-2.4388628,0.08053171,1.4122133,0.6752316,-0.13019852,-0.8515569,-0.4309369,-0.23278493,1.0419515,-0.7924981,-0.17611788,-0.5321279,-1.0009705,-1.057967,0.27096987,2.5087283,0.7354734,0.41436702,-0.42042318,-0.18923521,0.5378208,-0.47743082,0.9109194,0.4946484,-0.19309193,1.148476,0.88370925,-0.3204338,0.3231627,-1.0722616,-0.28143543,-2.1597676,-0.34227693,0.38958862,1.4886717,2.137684,-0.6912178,-2.314011,-0.05401896,1.1852055,-0.7145026,0.08925498,-0.36953992,0.16454831,0.6126233,1.9594526,-0.07934844,0.2501159,0.6097554,0.30920717,1.5320194,-1.2605971,1.5810786,0.34151134,1.1260467
-1.2690623,0.90600383,-1.5393676,0.44746864,0.49347135,-0.31402886,-1.1383029,-0.46401775,-1.0108786,-1.5844969,-0.71093124,-2.3407803,-0.34126604,-0.8242828,1.7366958,-1.2139108,0.76785076,-0.4420465,-0.44873744,-0.75605583,-0.5971863,-0.35377622,2.1076791,-0.5616433,-0.048747737,0.014613255,-1.8018463,0.9583673,-1.7633835,0.47176954,0.527427,-0.9982317,-0.9847507,-0.8470845,-0.309556,0.96704775,-0.2709711,1.4825295,-3.0279987,0.57997257,-0.54133606,-1.5363241,-0.020870268,0.27536544,1.1578922,-0.04027019,0.32415405,-0.14080591,0.10488784,1.4096459,0.09080934,-1.4637694,0.5755876,-0.03047245,-1.8053694,0.6609642,0.5682316,-0.515752,0.55008495,-1.0154122,2.3512967,-0.7162152,0.4389423,-0.39359337,-2.1195545,-0.21012087,-0.3189895,-1.0369359,0.65067786,0.37094858,-1.7051635,2.8405023,1.7091137,-1.8708109,-0.2004434,1.3655695,0.63498616,-0.29061353,-1.1226721,-0.60549545,-0.5101851,1.2486821,-0.5657084,-0.04887944,-0.5419278,-0.797218,-1.52169,0.65023947,2.5144787,0.9669276,0.5867956,-0.20312588,-0.24193902,0.5953735,-0.64943665,1.082805,0.4109041,-0.26697093,0.70871437,1.060914,-0.308172,0.62071854,-1.1928977,-0.14200401,-1.8437878,0.030468792,0.6146019,1.7235962,1.829305,-0.6527131,-2.355044,-0.17041719,1.2932386,-0.6562439,-0.5448909,-0.892115,0.375385,0.5697334,2.1882393,-0.16897278,0.26430073,0.29129532,0.3886821,1.6903744,-1.1773309,1.7462099,-0.06286273,1.4556514
-1.3875921,1.4457816,-1.7146777,0.4793444,0.57109374,-0.109802134,-0.76457727,-0.29754868,-1.2955161,-1.6987851,-0.10147144,-2.0477011,-0.3251576,-0.9175595,1.350215,-1.1414046,0.78305066,-0.9037355,-0.5802169,-0.73790973,-0.61721563,-0.49515727,2.4869769,-0.2608076,-0.08016691,0.07425638,-1.8734635,0.90332454,-1.5393205,0.7791814,0.76431584,-1.5222039,-1.121357,-0.94427377,-0.23934597,0.8337759,-0.5891005,1.1566855,-3.070005,0.7445154,-0.4096911,-1.3995048,0.0699075,0.22918092,0.8530378,0.2191104,-0.05620084,-0.41450387,0.062330313,1.9323338,-0.2228161,-1.3374772,-0.30080754,0.7288138,-1.7285187,0.57245135,0.39933452,-0.83993655,0.5461669,-0.746347,2.3273432,-0.689977,0.34439152,-0.70282614,-2.0685682,-0.29319382,-0.2601535,-0.99247116,0.51357394,0.2696347,-1.7760172,2.7217782,1.5269241,-2.0857031,-0.23541236,1.6093119,0.83760625,-0.24896957,-1.0989181,-0.39106473,-0.4614955,1.368828,-0.8820768,-0.4479226,-0.5824328,-1.0510669,-0.98125213,0.94665515,2.4906058,0.6260768,0.6445188,-0.13404872,-0.25001782,0.17705114,-0.052762523,1.0603793,0.6175405,-0.13296369,0.8988685,1.1414646,-0.27266312,0.6090156,-1.4600568,-0.26123887,-1.8086382,0.07115259,0.47570318,1.5629784,1.9077234,-0.70799196,-2.2766285,-0.24720813,1.2293344,-0.49161357,-0.038369138,-0.5260439,0.21170357,0.655659,2.0591114,-0.43346453,0.29693973,0.17621087,0.47946894,1.7215244,-0.8630929,1.6861227,-0.17667729,1.4361613
-1.3644124,1.2017257,-1.669023,0.61937046,0.6234871,0.063018434,-1.1187118,-0.033889964,-1.445356,-1.7668196,-0.36440724,-2.4448402,-0.2800299,-0.9250235,1.3887438,-0.9094239,1.0230373,-0.89527094,-0.89155155,-0.7984677,-0.44959253,-0.107183024,2.437778,-0.58443797,-0.2028665,-0.17592525,-1.7781365,1.1214466,-1.6630615,0.60225016,0.9961614,-1.6241621,-0.9017813,-1.0265051,-0.4837021,1.0572683,-0.7080496,0.99247754,-3.047388,0.7626374,-0.15518913,-1.46867,-0.55227894,0.06732598,1.040595,-0.010692815,0.043130264,-0.35556993,0.21517056,1.4689684,-0.051738463,-0.7055285,0.061095387,0.5829498,-1.027341,0.9291611,0.43780163,-0.34474835,0.4610389,-1.1762472,2.6777623,-0.5803268,0.26883748,-0.737075,-2.045148,-0.48107627,-0.11748679,-0.71742284,0.80138814,0.27566594,-1.4261907,2.8275895,1.3969152,-2.062761,-0.20903331,1.2200449,0.92674714,-0.4173411,-1.1958122,-0.2761118,-0.8510674,0.97274005,-1.0308583,-0.14598493,-0.6619534,-0.9551771,-1.2622446,0.47635755,2.7667964,0.7160578,0.6904177,-0.40646827,-0.24600573,0.39221883,-0.34287897,0.6815005,0.5478314,-0.025123334,1.3890803,1.065138,-0.2992664,0.3805216,-1.2070085,-0.21449223,-2.0594442,0.27791533,0.33209944,1.3655603,1.6632982,-0.31442702,-2.2584176,-0.18314938,1.7255498,-0.89305586,-0.21676919,-0.4135471,0.33041924,0.4706351,2.0988278,-0.3043262,0.22719578,0.77968115,0.2872766,1.3346674,-1.3329226,1.4259619,0.49924886,1.1398554
-1.6473844,1.3497326,-1.3500547,0.2963436,1.0426306,-0.09482279,-1.2350614,0.2986328,-1.0639604,-1.2742116,-0.91649735,-2.2471244,-0.2552061,-0.8567879,1.3001255,-0.84966534,0.094014354,-0.65840816,-0.5711892,-0.66737676,-0.57915276,-0.33256313,2.2096405,-0.16203804,-0.21681336,-0.092891715,-1.8195593,0.90373296,-1.4678001,0.34596002,1.3566564,-1.1723835,-1.4870493,-1.094898,0.0928662,0.8427893,-0.32643327,1.0218408,-2.7055886,0.50594574,-0.81374,-1.1671308,-0.8486408,0.41569483,0.6702537,-0.02656623,-0.14203537,-0.4054665,0.15985622,1.5484952,-0.17811622,-0.9604848,-0.6115804,1.0178641,-0.9392737,0.7221023,1.3201964,-0.5809579,0.20632361,-0.17211899,2.3993382,-0.4852675,0.7371898,-0.9774882,-1.7226701,-0.76370186,0.041410483,-1.2039427,0.55759734,0.3462922,-1.7367713,3.0418565,1.5278146,-2.709853,-0.31063485,1.341914,0.3991649,-0.038524527,-0.463233,-0.33699435,-0.6829975,0.70172924,-1.1354698,-0.04786649,-0.6570899,-1.1938168,-1.3502781,0.6392455,2.7366736,0.8337324,0.60163903,-0.68178654,-0.1859021,0.33150193,-0.7683397,0.9965777,-0.045869634,0.50279886,1.4055265,0.81725365,-0.05901204,0.81447756,-0.7873947,-0.13383509,-1.8950464,0.15424255,0.28237033,1.6838629,2.4590526,-0.04843609,-2.5755692,-0.91067284,1.0702969,-0.98185897,0.2135003,-0.50857353,0.4406228,0.7591494,2.128995,-0.18998337,0.3979258,0.17611475,0.04809112,1.1576371,-1.2657177,1.7855996,0.10825721,0.69226354
-1.1440994,1.3145854,-1.574524,0.14898647,0.424828,0.057037927,-1.7333697,-0.6658049,-1.3712388,-1.8490564,-0.54987925,-2.2082543,-0.37659124,-0.8199841,1.3302052,-1.3834287,0.79096484,-0.7047604,-0.6112224,-1.0438801,-0.20179261,0.1484095,2.4211376,-0.2680368,-0.24941885,0.09337069,-1.513206,0.9470798,-1.6120327,0.22102168,1.0005045,-1.5553794,-1.2518016,-1.09553,-0.21689332,0.5891515,-0.30081928,1.1713444,-3.336173,0.38375854,-0.48671645,-1.7313542,-0.044171542,-0.09531482,1.0352713,0.31542638,0.07002748,-0.5527194,0.06911878,1.5239239,-0.10892283,-1.0994701,0.54391366,0.5614729,-1.2885581,0.78741944,0.5057861,-0.67869645,-0.0027974246,-1.032562,2.3877118,-0.5919869,0.47726312,-0.46572778,-1.8813479,-0.047508188,0.041522063,-0.7689007,0.6854626,0.47635776,-1.0779948,2.8875258,1.9933617,-2.136883,0.0018209553,1.2440385,0.70281404,-0.47750133,-0.71842486,-0.1899464,-0.6322254,1.1197392,-0.82597905,-0.18288851,-0.4180154,-0.9391621,-1.2776587,0.7727596,2.49153,1.40865,0.5710473,-0.21109438,-0.52430624,0.7680569,-0.26155093,0.68301487,0.6001277,-0.15458784,1.0256537,0.98321635,-0.21642825,0.5784042,-1.2644382,-0.5376404,-1.8116891,-0.48561573,0.5749295,1.6413403,1.7105068,-0.4004992,-2.0794134,-0.15241545,1.284512,-0.9014986,-0.2431624,-0.7961164,0.31381541,0.76298666,1.8529997,-0.25469434,0.45709845,0.4603762,0.77609056,1.3737289,-2.0354464,1.9211323,-0.064948216,1.3639429
-1.4391714,0.8917588,-1.5336885,0.51058644,0.56133324,0.29173294,-0.9734357,0.06905572,-1.0691749,-1.5528821,-0.9295022,-2.5306945,-0.31879425,-0.9734078,1.7809598,-1.2765739,0.62240267,-0.55559814,-0.68650573,-0.93404007,-0.6187038,-0.2488439,2.0854821,-0.5707452,-0.08383113,-0.025459038,-1.6666498,0.78853536,-1.572682,0.8354596,0.8117071,-0.6764167,-1.2894138,-0.91379344,-0.34670177,0.6191473,-0.18626258,1.2945812,-2.6106741,0.75554675,-0.39143896,-1.5607276,-0.20728947,0.49785247,1.0359802,-0.41949907,0.0046444144,-0.48973417,0.12944897,1.8693398,0.20105223,-0.99181676,-0.28136954,0.6174891,-1.5199325,0.40089667,0.230085,-0.56794906,0.74083585,-0.7450075,2.4526699,-0.54702073,0.8269169,-0.9925931,-1.9083443,-0.27338928,-0.50464714,-1.1912764,0.5484168,0.5123497,-1.3996431,2.386534,1.9381831,-2.1129344,-0.047030196,1.3876345,0.35355464,-0.5537704,-0.88766766,-0.42752555,-0.5704316,1.522251,-0.4837725,-0.16467354,-0.5471056,-1.0287021,-1.3221242,0.9303774,2.9391558,0.87774056,0.42838418,0.23965457,-0.42510337,0.595342,-0.07314286,0.7848189,0.5739856,0.009929872,1.155714,1.152921,-0.15386759,0.17621316,-0.93924475,-0.34270006,-2.049604,-0.13608034,0.17190984,1.5648911,1.8110993,-0.51481265,-2.559204,0.16402735,1.6800745,-0.98065645,-0.29980093,-0.7642868,0.12418171,-0.02093142,1.8209852,-0.6163138,0.46748674,0.44818723,0.03887597,1.9662765,-1.1915048,1.7022902,-0.24446614,0.9187779
