0.42348275,-0.007873245,-1.7507601,-0.7789278,-0.6722221,-0.11021094,-2.1583724,1.4972202,0.79984885,-1.5264918,2.1752129,-0.01031634,-0.37674615,0.21501297,2.0784993,-2.2941566,0.6436906,-0.22336985,-0.10352427,0.7524585,-1.328532,-1.8603425,1.2091098,-1.8775064,-0.72796786,-0.67907876,1.6386193,1.649622,-1.5411681,-0.82036823,-1.1716272,-0.35254434,-1.9031981,1.64286,0.21353109,0.72273,0.30696103,0.848269,-0.056663707,-0.029372416,1.3760341,-1.0030229,0.6937657,-0.00044114896,0.17320347,-1.6188154,1.0318474,0.05398093,-0.36003223,-1.9313744,0.2360906,-0.030897355,0.8276291,-0.612277,-0.87475604,-1.3685958,-0.20845346,-1.1943202,0.59493273,-0.5147634,1.1924365,-1.7859685,0.39628187,-0.1486833,0.082876086,1.3601488,0.060345497,-0.10628777,-0.23271026,0.5970677,-0.88240886,-0.45833442,0.96688,-0.56949776,-2.2450356,0.25856626,-1.1491551,-0.55311537,1.6707271,0.84385705,1.1850551,-1.0225549,-0.64310795,-0.067093596,0.0949036,0.8597143,-0.9478275,0.8570164,0.7108471,0.012312754,-0.4773671,0.9403537,0.56473434,1.5728282,-1.7525954,0.31551668,0.8892807,0.8392344,-0.55035037,1.9068519,-0.64276403,-0.548176,-0.8679058,0.60363936,-0.38744894,0.21699893,-0.95409876,0.53127044,1.0223236,-0.51067907,-0.8785692,-0.43060827,0.4644716,0.64030755,-3.1040437,-0.11842217,1.3538262,-0.08243374,0.13584454,1.2855486,1.0239805,-0.009499193,-1.1390692,0.8764953,-4.276568,3.1744955,-0.522083,0.93022656
0.23782116,-0.04533549,-1.5641469,-0.6548674,-1.2479265,-0.32565093,-1.9565856,0.5583253,0.349454,-1.0766426,1.6198882,0.545695,-0.49862638,0.12155334,1.8387029,-2.892036,1.0282372,-0.4241958,0.36619225,-0.01814602,-0.5042923,-2.2085137,0.9666631,-1.4424825,0.63924485,-0.52260846,1.4704375,0.54859287,-0.87992644,-0.33855543,-0.90789187,-0.2489681,-1.1970077,0.9484924,0.2891059,0.24357992,1.0322362,0.92975944,-0.920187,0.5069943,1.0015461,-1.4899654,2.0434606,-0.11041283,0.79524344,-0.59504217,0.45563275,0.34585637,-0.6274024,-2.2871246,0.26628992,0.27863866,0.29024145,-0.89740163,-0.36387646,-3.1300688,-1.0133809,-0.82347727,0.70725846,0.57283974,1.426978,-0.62689334,0.5824256,-0.16597421,0.7504792,1.3069779,-0.3723485,0.38388684,-0.7217686,0.42886814,-1.4191436,-0.60974085,2.0729482,0.7157162,-2.9217112,0.27918857,-0.5440889,-0.16963987,0.053550582,0.5733864,0.9278308,-0.6831228,0.5497658,0.117856,-0.20666738,0.67684263,-0.41014418,1.371443,0.6272861,-0.3181797,-0.33700255,0.54553956,0.4127651,2.0849957,-2.2371545,-0.72255445,0.40979356,-0.009805,-0.6349683,1.9576536,-0.84426075,-0.33815575,-0.751801,1.030093,-0.34336248,1.1155155,-0.50642675,0.15649216,0.7999735,-0.6841338,-0.28683606,0.13655324,0.45405477,0.11711567,-3.2097468,-0.8896672,0.83721745,0.55554605,-0.71567404,0.7760804,1.1141404,-0.44539577,-0.73797995,1.1741573,-4.3937187,2.5279834,-0.19543807,1.0812
0.8100596,-0.6141751,-1.7047526,-0.8455415,-1.2329899,0.22760947,-1.0554366,1.4427627,0.78190035,-0.39311853,1.7365018,0.58325595,-1.2008654,-0.21311894,2.2498863,-1.3908871,0.067207545,-0.10141638,-0.17500697,0.5217863,-1.7567286,-1.9470621,1.8267943,-1.9578812,-0.38229394,-1.2313617,1.9096937,1.5673492,-2.0175076,-0.62956625,-1.021157,-0.19139983,-2.161507,1.7541792,0.17072392,0.07539387,0.575201,0.86235845,-0.56651545,-0.37047738,0.7059414,-0.5269844,0.29338443,-0.61060345,-0.11426861,-1.3943671,0.7105017,1.1482441,-0.69815946,-2.3182917,0.9721635,-1.0322801,-0.5362539,-0.44669855,-1.0361937,-0.6829093,0.60346496,-0.8049848,-0.07679654,-0.9208208,1.0525371,-1.3041391,0.81473005,-0.67977405,-0.060626343,1.6670762,0.3971815,-0.4642528,-0.8694857,0.64968705,-0.35058436,-1.2177788,0.31258798,0.2735938,-0.960648,-0.13457596,-0.97996,0.1039403,2.0404313,1.4177855,1.8983173,-2.4520664,-0.13965815,-0.03557929,0.16424094,-0.17263374,-0.09914929,0.6068368,1.3934281,-0.77870816,0.21358672,0.5865063,0.19795728,1.3393859,-1.2484105,0.29773265,1.0052148,0.8807516,-0.8284505,2.044942,-0.09560506,-0.3454212,-0.16736431,0.30952373,-0.41546267,0.68028337,-0.25358567,0.08771575,1.7781266,-0.44530874,-0.9765576,-0.7487739,0.41317418,0.33524862,-2.1149085,0.2656525,0.56916535,-0.8274557,1.0085002,1.8464124,1.3299313,-0.8676967,-1.6164137,0.40495607,-4.971649,2.5678272,-0.24737974,0.68743885
0.050308056,-0.4350937,-1.6691059,-0.13986844,-0.45990312,0.21881868,-1.0096674,1.9221668,0.36086258,-0.7584353,1.8063722,-0.16036151,-0.34576237,-0.32951018,3.1798658,-2.0394485,0.30214715,-0.6022643,-0.17287111,1.0187528,-1.3486826,-2.3321533,1.8414297,-1.8094621,-0.67534906,-0.66085815,2.2505972,1.766804,-2.230463,-1.0281693,-1.086637,-0.60219,-1.8499836,1.7468352,0.72707397,-0.02873466,-0.11651438,0.5351752,-0.10150174,0.39030594,0.5007796,-1.1679063,-0.32031634,-0.06890701,-0.26459697,-0.6500339,0.47169414,-0.21108063,-1.2160782,-2.6385536,-0.0036299278,-0.11679429,-0.46543786,-0.32732707,-0.6929916,-0.7608127,0.49476805,-0.91571873,0.45302206,-0.38094357,1.1257613,-0.70507896,0.49871495,-0.6940105,-0.023754159,1.0156972,0.13343671,-0.038683478,-0.79043734,0.4884089,-1.1204175,-0.62474847,-0.3470815,1.0646497,-0.73043334,0.27425238,-1.0607876,0.17774132,1.5543762,1.3505754,1.260161,-1.8996474,-0.85869527,0.16042852,0.13531192,0.73229986,0.18001033,-0.12581821,0.943384,-1.2953365,-0.0669625,1.057336,0.29524133,1.8090508,-1.8159393,0.06697075,1.0267932,1.2325859,-1.2235191,2.1439373,-0.705275,0.13047937,-0.66125935,0.6792879,0.0040680096,1.7153119,-0.11984279,-0.09631574,0.89869374,-0.1885136,-1.201659,-1.3470196,1.562489,-0.11127522,-2.317823,0.19961847,0.33310592,-0.627629,0.6643884,1.7383779,1.4177903,-0.5462209,-0.7746577,0.3497202,-3.8980403,2.456751,-0.3484252,0.48053795
0.68601096,0.09644789,-2.4029968,-0.30217096,-0.95258147,0.13129245,-1.1635045,1.1419218,-0.24834435,-0.82234794,1.672839,0.9999518,-0.3551307,0.28709796,1.5645934,-1.9761637,1.8839108,-1.5741808,-0.041215166,0.7628138,-1.196146,-1.8808116,1.7883241,-1.6929877,-0.3066491,-1.2484134,0.69288707,1.1176636,-1.4380423,-1.0848025,-1.0290737,-1.5673989,-1.9269416,1.6555855,0.024770157,0.0016539467,0.3321714,0.6180402,-0.15286206,0.5514132,0.62383366,-1.4550694,1.2365549,-0.28250337,0.5562999,-1.1311116,1.2206932,0.038803846,-0.7529655,-2.1241949,0.22755408,0.5030736,-0.048160423,-0.6284424,-0.38184994,-2.126585,0.031405088,0.008381736,0.8835379,0.8743444,1.9547163,-0.75037104,-0.07644581,-0.53795695,0.7104368,1.1046286,-1.127984,-0.03055889,-0.47139382,0.13091314,-0.84530056,0.10453161,1.0177847,0.7645979,-2.0822234,0.47358823,-0.089854434,-0.11439624,0.81307274,0.4790026,0.99396086,-1.1529433,-0.07466273,0.28431776,-0.401592,0.53951204,-0.04341161,-0.29437128,1.0659748,-0.7432755,-0.28884315,0.59061533,-0.094288275,1.6471777,-2.315832,0.0900165,1.2455109,0.4590594,-1.5357418,2.1598701,-0.8243321,-0.79769605,-0.72089964,1.4648521,-0.6569119,2.0544672,-0.8699208,-0.90123796,1.1302536,-0.457247,-0.29021508,0.04805612,0.576694,0.25680184,-2.2847896,0.046149984,0.3071872,0.3034543,-0.06372923,0.7041691,1.2550955,-0.5844636,-0.27015722,1.2429318,-4.9990716,2.3442278,-0.120748565,1.1023153
0.37371743,-0.008731016,-1.7191089,-0.9818474,-0.781305,0.3108774,-1.9804446,1.5353403,0.53316045,-1.4818172,1.9694655,-0.035455305,-0.20876363,0.16037227,2.1545825,-2.1193302,0.9266524,-0.6788721,0.07164748,0.5306294,-1.2688594,-1.7043321,1.2643447,-1.8792638,-0.0996237,-1.2497368,1.5355303,1.5943992,-1.6859486,-0.72052664,-1.0060965,-0.7096622,-1.7241355,1.6375295,-0.00459298,0.6524926,0.14932969,0.6851526,-0.353208,0.34630492,1.3527634,-1.1240555,1.1520069,-0.3502731,0.14725333,-1.175499,1.0283239,0.16392364,-0.5046585,-2.3155072,0.5096948,0.35990304,0.81366116,-0.1640439,-0.557606,-1.3000115,-0.11655529,-1.2123977,0.4740681,-0.37137276,1.1157368,-1.8062792,-0.17258398,-0.5200888,-0.017198984,1.4341693,0.21025674,-0.1678768,-0.26831797,0.6857283,-1.2148311,-0.1305274,1.1085618,-0.5415559,-2.2616138,0.19558978,-0.7615802,-0.775751,1.2421683,0.81685144,1.0505116,-0.9664392,-0.4963608,0.14688027,-0.029973442,0.725083,-0.9873363,0.97160286,1.27759,-0.5487507,-0.57865417,0.5198216,0.6447326,1.7510462,-1.9916373,0.36138096,0.65421355,0.7502798,-0.6056513,1.8313526,-0.5422264,-0.37339345,-0.85476464,0.35537612,-0.1252299,1.070909,-0.9595251,-0.061045457,1.0864128,-0.6458895,-0.81589574,-0.16252628,0.97710407,0.66458595,-3.217959,-0.027413672,1.3938411,-0.24494947,0.2769992,1.2445661,1.2427129,-0.038591504,-0.7837294,0.46737033,-4.7909255,2.8284583,-0.2875332,1.1147261
0.07724373,-1.0917591,-1.197986,-0.7042352,0.107067786,0.9030202,-1.1792549,2.1493556,0.7189392,-0.56509745,1.6887794,0.34765,-1.2591633,0.39291832,1.6551929,-2.2447467,0.39559048,0.04286475,-1.2279938,1.2195452,-1.5106655,-2.3747063,0.96045965,-1.6314975,-0.9418213,-0.81615114,1.331606,1.2669853,-1.697632,-0.90302414,-0.8808413,0.3247594,-1.9909446,1.9071451,0.75705016,0.6203978,0.18033917,0.52994734,0.67035174,0.06563676,0.7609317,-0.64859605,-0.4838941,-0.036105692,-0.50993544,-1.4064531,0.7049326,0.5010484,-0.7506252,-1.7040739,0.74636906,0.17688768,-0.22391202,0.7196418,-0.8912718,-1.6346514,-0.43422943,-0.8116601,0.532488,0.16046558,1.193094,-1.4872005,1.1734048,-0.9579463,0.35962903,1.04137,-0.23029038,-0.38558638,-0.4829179,0.7370554,-0.8314746,-1.6207477,0.32975763,0.10607652,-1.9237968,-0.36598256,-0.5254204,0.8565129,1.8907287,0.9210694,1.0380869,-1.3958848,-0.09022832,0.366323,0.04233007,-0.34602264,-0.045412645,0.39670616,1.5410653,0.24879585,-0.50921726,1.1285166,0.050184704,1.0461191,-1.1350745,0.34845683,0.22567944,1.4621391,-0.877634,1.9303663,-1.1772038,-0.39934513,-0.2637926,0.7324793,-0.9985817,0.42101586,-1.2621508,0.81428033,1.4255517,-0.38337332,-1.1217995,-0.5697484,0.89913327,0.20195915,-2.233603,0.059607342,0.8837557,-0.3747694,0.70107853,1.3634908,0.5235916,-0.16755973,-1.5749841,0.6258419,-5.282907,3.0422463,-1.1045334,0.72140694
-0.1925776,-0.7910673,-1.6874626,-0.82379633,-0.5001837,-0.058984805,-1.9851359,1.3205194,0.72124326,-2.1830094,2.315951,0.12792858,0.31271154,-0.27765787,1.3883657,-2.353316,1.3207926,-0.28675148,0.7615901,0.6393276,-1.290842,-2.0875747,1.3471279,-1.5040473,0.03583793,-0.97490627,1.5697331,1.5639814,-1.847987,-1.2980746,-0.32853195,-1.0762289,-1.7997309,1.9243066,-0.49437383,0.50077707,-0.29505596,0.7817605,0.27888927,-0.110615574,0.99027306,-1.1015588,1.4753479,0.6965184,-0.4982033,-1.6918448,0.47528303,-0.031194257,-0.62814134,-1.6091713,0.051195927,-0.30492935,0.7221222,-0.48902407,-1.1815547,-0.91863316,-0.044803705,-1.2872198,0.7321862,-0.19256063,1.391647,-1.9113787,-0.020934701,-0.023397857,-0.026349885,0.8984199,0.4754396,-0.34820303,-0.32520851,0.5193821,-1.0308927,-0.019260198,0.97684115,0.23450781,-1.8858582,0.8012483,-0.7266981,-0.6942237,1.6746936,1.344658,1.2135756,-0.7500013,0.04310952,0.44380978,-0.31578645,1.1904769,-0.51119864,0.5020234,0.5934855,-0.33127096,-0.47116897,0.5181814,-0.0086797355,1.6850384,-2.3120792,0.022351576,0.67600304,1.0022349,-1.0335703,2.0577674,-0.37596622,-0.6758951,-0.01682683,0.74079436,-0.09577466,0.7207119,-0.66063297,0.72150356,0.9755356,-0.5446536,-0.5853322,-0.4944223,0.5729046,0.844947,-3.1573,-0.20303713,0.78525496,-0.014200679,-0.049895763,0.62693685,0.18853597,-0.019222133,-1.1591413,1.0339751,-4.1306148,3.0904992,0.08959499,1.3337601
-0.14780983,-0.76793414,-1.6586549,-0.7037865,-0.5163823,0.7704974,-2.280469,1.7113484,0.43876413,-1.5295857,1.7037897,0.3774079,0.13686462,-0.0055136587,1.7146709,-2.2328317,0.9253191,-0.39086717,-0.8368378,0.3845536,-1.1276451,-1.7062923,1.1836714,-1.811604,0.08836119,-0.98388857,1.3102427,1.7088747,-1.7040393,-0.63460517,-0.2402543,-0.8944458,-2.3274684,1.621697,-0.29930288,0.62633866,0.1548962,0.67373157,0.45851377,0.0027679869,0.90927166,-0.87404066,0.8022363,-0.1067716,-0.20667961,-1.4803972,0.69263136,-0.014103008,-0.32442304,-1.384368,-0.505737,0.5668541,-0.56393313,-0.14047958,-0.48463598,-0.9562011,-0.15678759,-1.0712181,0.4195764,-0.36184114,1.6116992,-2.0597055,0.4762709,-0.48983854,0.12353692,0.6323048,0.8663183,-0.42699057,0.16030762,0.41853032,-0.42050675,-0.33763775,1.4921099,-0.24771497,-2.4139311,0.98788947,-0.63923615,-0.6999634,1.6601142,1.6406614,1.1772043,-1.746064,0.15659809,0.17261168,-0.33411676,0.5235386,-0.33745003,0.53367835,1.2258476,-0.87016153,-0.36910143,0.6249136,-0.030643491,1.6860524,-1.5025028,0.74755126,0.2941278,0.79376733,-1.005984,2.334997,-0.33447596,-0.42526606,-0.13757402,0.32196066,-0.6923001,0.28077573,-0.96647066,0.40531167,1.3754859,-0.9771709,-1.071757,-0.17967585,0.28342277,-0.23937273,-2.8620026,0.9638684,1.0814753,-0.10696079,0.43472812,1.1496128,0.9174609,0.39356804,-1.1725664,0.6715593,-5.130006,3.0081034,-0.20783933,0.57532346
0.10852725,0.39559242,-1.604953,-0.6092376,-0.5040311,0.34149167,-1.4914838,1.6088035,0.7450932,-0.59541744,2.2188785,0.34221888,-0.914964,0.13119407,2.3581164,-2.6916773,0.584817,-0.40455762,-0.8341153,0.11112552,-1.169539,-2.1015744,1.3840774,-1.9531174,0.13770486,-0.92606294,1.2908286,0.9066846,-0.8787003,-0.3814605,-0.7723547,0.0056001274,-2.5237858,1.0464692,0.27901977,0.41115275,0.19434279,0.704497,0.32454774,0.45913038,0.8559491,-1.8856606,1.0311567,-0.7184242,0.7953177,-0.6015313,0.9962306,-0.061205596,-0.55397725,-2.2517726,0.5129731,0.24564987,0.258156,-0.28560373,-0.18416363,-2.8042977,-0.93827254,-0.17505702,0.390443,0.26047537,1.8675791,-1.4388733,0.20319255,-0.5096783,0.1452094,1.3638438,-0.027276631,-0.444643,-0.20185955,0.46838173,-1.3988923,-0.47655925,0.6847281,0.30451772,-2.2067277,0.05387945,-0.21181102,0.42122954,0.44771636,0.4664229,0.67353696,-0.43550757,0.7654954,0.26119605,-0.05224559,0.28364888,0.2570282,0.23576772,0.89782435,-1.1600534,-0.06036697,0.99900126,0.16987604,1.9600755,-1.7057942,-0.06853465,0.56730247,0.55942273,-1.2269431,1.7936338,-1.0011714,-0.6528456,-0.2080574,1.1924852,-0.3893057,1.3645177,-1.1010396,0.034143485,1.6771369,-0.62469417,-0.8206147,-0.19986868,0.46820045,0.45859486,-2.68456,0.030408122,0.773534,-0.07542737,-0.030901186,0.8745404,1.4744053,-0.32769254,-1.3703936,1.2812983,-5.4406395,2.0378313,-0.22922246,0.49659437
0.30549595,-0.066228695,-1.5607878,-0.8921382,-1.2188863,0.09312491,-1.9578545,1.1070901,0.11373519,-1.5260197,1.8774977,0.16245292,-0.007838709,0.30789176,2.0125246,-2.2744143,0.94758165,-0.2869845,0.45821574,0.7072883,-1.1951244,-1.9685082,0.9408169,-1.593653,-0.15789439,-0.8115219,1.758251,1.5853745,-1.5906924,-1.3475195,-0.9518821,-0.4442264,-1.8781945,1.6865405,-0.1997024,0.5175896,0.36879772,0.7364069,-0.13466187,0.45865098,1.4340751,-1.1569092,1.4271287,0.10233989,0.2566335,-1.3369776,1.2174474,-0.18555705,-0.40489584,-1.9292377,0.08634965,-0.11661215,0.79837936,-0.6303723,-1.1009115,-1.2697232,-0.13195933,-1.4406843,0.41428825,-0.22960076,1.2836226,-1.5860922,0.09382701,-0.51683253,0.2502262,1.3383006,-0.44292337,-0.3615441,-0.22960992,0.8785335,-0.89622575,0.055255637,0.8469833,-0.27228975,-1.8995243,0.20656082,-0.85617936,-0.781328,1.1760051,0.8774844,1.3925517,-1.0489146,-0.9143693,0.2391184,-0.54241717,0.8793689,-1.1028719,0.7685666,0.5571665,-0.24627195,-0.5160463,1.0855045,0.25910887,1.7691329,-2.0681374,0.4535061,1.1339532,0.7095195,-1.0679145,2.0857055,-0.7817997,-0.30657193,-0.92263573,0.55898446,0.02837744,1.104706,-0.8589287,0.08518949,1.126742,-0.6149608,-0.8647179,-0.34101948,0.78647614,0.4633395,-2.915227,-0.08596872,1.0459415,0.4609399,0.3127659,1.3636316,0.9904637,-0.351579,-0.63789076,0.6683537,-4.2874494,3.1427646,-0.3556831,0.72533756
0.72610253,-0.7711284,-1.5068287,-1.0961822,-0.49827096,0.3902516,-1.4348047,0.86716896,0.56177104,-0.72209305,0.7692448,1.0916626,-0.8747143,0.83480024,1.4156334,-2.0568743,2.7852511,-0.3264726,-0.61122775,0.25969875,-0.23311158,-1.2588899,0.7761283,-1.3003687,-0.32992133,-1.9072927,0.85564584,1.670853,-1.5943588,0.28155077,-1.0704707,-0.83005404,-1.9897697,1.5998902,-0.416264,0.44371438,-0.2979031,0.9377367,-0.4203092,-0.8403543,0.9193787,-1.4707375,1.7673001,0.039326414,0.140404,-1.6157261,1.073675,-0.056361943,-1.0121987,-1.7761552,0.21129557,0.9707309,1.0729909,-0.971203,-0.61022866,-1.5336419,0.28969014,-0.0396043,0.67919254,-0.27977657,0.67407125,-2.3254967,-0.7764485,-1.2885559,-0.13413626,0.65834063,0.4509115,0.12583765,-0.29421145,1.521961,-1.1936299,-0.20530686,1.8167373,0.69409627,-1.7176093,0.92894197,-0.645275,-0.0015809301,0.13800952,1.1153479,1.0399239,-0.98307925,0.0039885873,-0.1263085,0.26551482,1.4846511,-0.6207008,0.06321591,1.3735819,0.6100155,-0.7961627,-0.21682993,0.12494901,1.1143955,-1.5588877,0.9480549,0.6975485,0.62412965,-1.3666155,1.7794985,-0.8251961,-0.24212815,-0.25060296,0.31765088,0.053858608,0.38962215,-0.32789242,-1.1639022,0.87643033,-0.8753058,-0.65109557,-0.9883443,0.63430756,-0.20435964,-2.951949,0.5817648,1.6987438,0.44717488,0.317946,1.0975972,1.2546273,-0.12044119,-1.6734353,0.6694096,-5.2702665,2.0761268,0.5860928,0.33278978
0.50593287,-0.8667201,-1.9545124,-0.48976418,-1.0389396,-0.49423522,-1.6880182,0.95070845,1.720388,-0.9018097,1.6348139,0.08692759,-0.71087563,0.22570173,1.0804235,-1.6619089,1.1953706,-0.6504364,0.021632537,0.37391362,-1.0419322,-2.349795,1.011584,-1.1425318,-0.81326336,-0.8310386,1.6108309,0.86318517,-2.0239282,-0.56461567,-1.2624018,-0.30463445,-1.5741026,2.1835814,-0.58264315,0.2768204,-0.11194137,1.0981312,-0.4706379,0.3265812,0.010236561,-1.1793511,0.8761856,0.60778403,-0.13729435,-1.360474,0.81310403,-0.70070565,-1.1059604,-2.2945786,0.2643196,-0.12111636,1.0839909,-0.32065937,-1.5658524,-1.594554,-0.23867252,-0.46410537,0.65946585,0.37872756,1.3905783,-0.99732345,0.3173283,-0.67233115,-0.36704093,1.4858187,0.046030503,-0.7367544,-0.68466026,0.66050816,-1.4519489,-0.025132217,0.9916443,0.28563535,-1.5912259,0.6093093,-0.15849286,0.31699032,0.29099604,2.1626678,0.9872751,-0.12942198,0.82198507,0.23086998,0.47815463,1.5063443,-0.24023905,-0.20910487,1.5313853,-0.36101767,-0.47539267,0.5259,0.16834739,2.0305376,-2.2002714,0.20261236,0.88115066,1.587705,-1.5732714,2.0758226,-1.614875,-0.7224666,-0.10573589,1.0098944,-0.38339314,1.0789293,-0.82182914,-0.073469535,0.9417474,-0.51337546,-0.33988595,-0.81844836,1.1184536,0.22717415,-2.7973826,-0.18578039,1.1275209,-0.69814706,0.47351417,-0.012059333,0.6612767,-1.5364747,-0.091759846,1.5642942,-3.2919462,2.372201,-0.14993508,1.095964
-0.6464747,-0.86867774,-1.0631253,-0.5162437,0.44379106,1.2705309,-1.4973927,1.9877264,0.26561436,-1.5165645,1.6521872,0.08632192,0.15881963,0.008516907,2.370749,-2.2133775,0.9005345,-0.44473872,-1.346991,0.6980686,-0.9606279,-2.0124333,1.0824285,-1.5721385,-0.032204285,-1.3323203,1.3465163,1.0430919,-2.1042495,-0.1724011,-0.13823332,-0.81360924,-2.6406963,1.8375834,0.71637976,0.5570682,-0.17978746,0.46297637,0.7700223,-0.02932812,0.56847715,-0.959331,0.117193185,-0.1629121,-1.20041,-1.1426191,0.13930866,-0.2106712,-1.1331574,-1.2187897,-0.15538783,0.7743055,-0.44948444,-0.028723888,-0.13911377,-0.75629306,-0.044927154,-0.95333177,0.26287904,-0.39169863,0.7993366,-2.211927,0.09200655,-0.28136703,0.36460906,0.23954147,0.98219854,-0.6595801,0.030881459,0.14370283,-0.866125,-0.75494844,0.9836281,-0.18666828,-2.1522179,1.2021784,-0.40289152,-0.004782491,1.5742892,1.2803546,1.1774408,-1.6022074,-0.052275162,0.059335202,0.2004597,0.47035468,-0.039181482,0.6540659,0.86947924,0.03523154,-0.17965005,0.36178654,0.116136834,1.169233,-1.8471421,0.6795199,0.40392578,1.5606099,-1.5210516,2.3528404,-0.80763316,0.02027907,0.058354925,0.422059,-0.47003034,0.635286,-0.7112894,0.052478552,1.0733292,-0.52925307,-0.8610209,-0.45605692,0.86052537,-0.15107477,-2.8630369,0.47631377,0.7566107,-0.13929392,0.73859334,1.3842951,1.1361482,1.4068435,-1.7445014,0.4318242,-5.009637,3.0176895,-0.51179284,0.473902
0.35550183,-0.24575147,-1.9738045,-0.63681483,-1.21219,0.22186622,-1.9918699,1.5754058,0.90718323,-1.9599307,2.0948315,0.02002676,-0.40999714,-0.049514465,2.187418,-2.1225111,0.23711345,-0.070065096,0.06628077,0.49949163,-1.2461315,-1.4774151,1.8726727,-2.017861,-0.611596,-0.7116424,1.4323393,2.0784967,-1.3969576,-0.6546398,-1.1888411,-0.47557643,-1.8680938,1.4021305,0.48039976,0.5302654,0.88818693,0.7536646,0.1284352,-0.00067264936,1.5214729,-0.779389,0.3584003,-0.16397503,0.46340618,-1.7605997,0.5982852,0.8433408,-0.29387537,-1.9446855,0.35012835,0.039051354,0.103377126,-0.43011746,-0.5894843,-1.1719825,0.37974393,-1.6459863,-0.12072242,-0.5097838,1.2211924,-1.4496242,0.6370097,-0.46756732,0.04758667,1.142724,0.17269626,-0.10393691,-0.73546803,0.57268566,-0.7741539,-0.6874291,0.7895755,-0.4800653,-1.6461588,0.080289856,-1.0066854,-0.34449053,2.402487,0.7536452,1.2341155,-1.1343101,-0.9768961,0.11789813,0.21090536,-0.24475303,-0.5283709,0.86388314,0.6347712,-0.8176542,0.08805833,0.67171854,0.35962692,1.2990719,-1.9462967,0.33597386,1.4995862,0.39748204,-0.4696792,1.7345749,-0.22563595,-0.09423793,-0.61643267,0.71121436,-0.28745562,-0.01490815,-1.06811,0.6138233,1.4164017,-0.3062155,-1.312881,-0.60605675,0.26901352,0.69259936,-2.7933087,-0.018605525,0.6771105,-0.024778623,0.86652815,1.6166929,0.712364,0.22804926,-1.559868,0.5248189,-4.5561547,3.3391445,-0.6961283,0.7342404
0.58175665,0.009732333,-1.8122874,-0.3546105,-0.06654558,1.2591982,-1.0329331,1.7986383,0.9648713,-0.5722117,1.9768002,0.23688893,-1.4035791,0.323359,2.2604115,-2.122654,0.6100447,-0.5519484,-1.3218094,0.5760844,-1.3422171,-2.290334,1.1947827,-1.6135987,-0.92280126,-0.58403987,1.2627299,1.1729156,-1.4706221,-0.47303262,-0.9098745,-0.19974738,-1.7636153,1.3957529,0.8149687,0.35846892,0.3575445,0.24213639,0.66559416,0.33126733,0.88200736,-1.696551,0.04406214,-0.3338647,0.4509731,-0.80287147,1.2790263,-0.38525492,-1.3210397,-2.020006,-0.00017110673,0.48596776,-0.38965103,0.2083755,-0.3893429,-2.011224,-0.41463906,-0.57356066,0.45726803,0.7172595,1.6823562,-1.3522334,0.7333429,-1.3121036,-0.1232383,0.38633978,0.16641457,-0.16251464,-0.9884756,0.42952317,-0.93421113,-0.7505578,0.14119032,0.81556046,-1.6895434,0.12810728,-0.18190584,0.6308166,1.3261846,1.1092387,0.56292814,-0.943349,-0.12820746,-0.03936382,0.285736,0.26497996,-0.111962646,-0.44346464,1.5680964,-0.15467925,-0.4732232,0.9019036,0.06831472,1.674231,-1.504474,0.022430487,0.6282023,1.1783088,-0.14756444,1.9778823,-1.2176583,0.1669966,-0.8921094,1.1488786,-1.2199111,1.3420419,-0.70957696,0.28268158,0.72580755,-0.67241216,-1.9541165,-0.8255461,0.67267,0.43803993,-2.890344,0.2996351,0.97190845,-0.4856504,0.4017483,0.7075897,1.2770195,-0.70982695,-0.42160532,-0.051678088,-5.3001647,2.8679192,-0.38510427,0.7918045
0.34091482,-0.8204988,-1.7144526,-0.7701086,0.431197,1.0752308,-1.5502821,0.8873553,0.01592373,-0.6697358,1.5832238,1.381488,-2.341561,-0.3159154,1.6445395,-0.7941101,0.8994884,-0.18344025,-0.98481214,0.63044804,-1.4647192,-1.8545096,1.8367707,-1.6621839,-0.11907169,-1.8636886,1.7091045,1.857361,-1.4723719,0.03637015,-0.24282864,-0.87567717,-2.6087232,1.6615918,0.52558154,-0.3290949,-0.6142224,0.643325,0.12206883,-1.5663686,-0.080250636,0.003132549,0.23755087,0.48717466,-0.2390283,-1.628386,0.31305194,1.6394813,-1.086054,-2.1389852,0.90867215,0.4269187,-0.9920886,-0.5586568,0.098641954,-0.067570664,0.8666581,-0.5899649,-0.24319004,-0.66390145,0.86525697,-1.7676842,1.0121819,-0.7543387,0.16872244,1.355222,1.2613703,-0.4139543,-0.8981696,0.42650452,-0.16445284,-1.8338789,-0.025293777,1.3532734,-1.4002239,0.040612865,-0.8936143,0.30438736,1.4511089,1.4126397,1.3502619,-2.4284317,0.2084279,-0.48485902,0.5968521,0.14895791,-0.3119926,0.13262776,1.1659166,-0.83100814,0.6887828,-0.3177162,1.1119717,0.3357299,-0.67725897,0.45354766,1.1401355,0.6095947,0.34484679,2.0723016,-0.14718172,0.4047168,0.5690819,0.67127824,0.1701801,-1.1935278,-0.612699,-0.26423416,1.4777869,-0.408871,-1.5078441,-0.84120727,-0.09636848,0.5153203,-2.4190872,0.025399607,0.8454484,-0.5924213,0.786492,1.3529158,1.3223996,0.09556973,-2.4277067,-0.3932261,-4.654558,2.769207,0.019620135,0.77576834
0.6240169,0.36175618,-1.761032,-0.590895,-0.6468663,-0.5279044,-1.9964172,0.71763074,1.2284677,-0.7167841,1.3872787,0.25241184,-1.0210848,0.1297512,2.1783762,-2.9180737,1.5324609,-0.5459631,-0.2088247,0.7334055,-0.98806864,-2.056676,0.7911,-1.3529779,-0.33689368,-0.84926826,1.6741096,1.0240686,-1.1951947,-0.32996094,-1.4460877,-0.5354958,-2.0021439,1.7950397,0.1407162,-0.1335344,0.67204773,1.336958,-0.2973586,0.27625746,0.95596933,-1.7103033,1.0484774,-0.21967986,0.6265066,-1.3261368,0.81383306,-0.018553836,-0.47301573,-2.3440857,0.4121385,0.063377894,1.0085428,-0.91680264,-0.5081062,-2.3032095,-0.6563,-0.31496602,0.48113638,0.16271839,1.2594956,-1.259738,0.1382893,0.048208576,0.33570102,1.1917487,0.025283195,0.23944663,-0.88222903,0.5030818,-1.1025764,-0.3793581,2.0211413,0.45417586,-2.3284526,0.19938217,-0.59693986,0.048874456,0.1448854,0.8509242,0.8212384,-0.95940405,0.3526428,0.0935691,0.28374127,1.2932597,-0.34764132,0.43788156,0.6744735,0.13476618,-0.9539811,0.72651297,0.71204525,2.3550246,-1.9148911,0.042169128,0.25047034,-0.039192785,-0.87592113,1.599279,-1.5831512,-0.5863268,-0.79158026,0.8141188,-0.20788461,0.503789,-0.657578,-0.020402983,0.67798585,-0.48375314,-0.5338232,-0.24935302,0.23842815,0.5189611,-3.3049374,-0.69820786,1.0210772,0.15171203,0.28282684,1.0434684,0.94564885,-0.4138017,-0.3754168,1.4470388,-3.7704666,2.5605493,-0.3680792,1.0809332
0.04160928,-0.28420633,-2.0668364,-0.8913208,-0.85873836,0.11854746,-2.079266,1.815955,0.45983213,-1.3547426,2.7484446,-0.23155843,-0.48626834,-0.17068496,2.117711,-1.985193,0.23646572,-0.005032883,-0.5516946,0.63351744,-1.0725439,-1.6020309,1.3635478,-2.153437,-0.45402172,-1.4638277,0.6207329,1.6734118,-1.6131376,-0.41208372,-0.60532206,-0.7885406,-1.511506,1.6118144,0.13796033,0.66546005,0.50918466,1.2607839,-0.4554659,0.2037363,1.2111254,-0.8810136,0.7478506,-0.70577854,-0.02598948,-1.7879763,0.3009373,0.48645,-0.46824536,-1.6417516,-0.003454046,0.4807922,-0.2870869,-0.38982522,-0.14192535,-1.459237,0.1180751,-0.9650438,0.5850834,-0.95640564,1.9407082,-1.8015852,0.4575382,-0.55940294,0.11969273,1.5548372,0.1583683,-0.1611793,-0.23123385,0.7228418,-0.8125396,-0.53946286,1.288572,-0.30050343,-1.8609821,-0.019327002,-0.9464642,-0.45373395,1.8920511,0.79312783,1.0713195,-1.2828282,-0.13185766,-0.0003950821,0.047445484,0.47421795,-0.056653634,0.6554899,1.3280438,-0.69438773,-0.25643176,0.80705476,0.03258049,1.3537091,-1.6803735,0.4229467,0.7741128,0.35342357,-0.54940325,2.0334795,-0.5846443,-0.907543,-0.7373156,0.6818808,-0.58263606,0.74111694,-1.3640664,0.7974459,1.5736352,-0.38021162,-0.57074755,-0.207028,0.691132,0.7392699,-2.636947,0.3520286,0.9578816,-0.3609041,0.49427655,1.0340508,0.441432,-0.014956941,-1.5260904,0.9431177,-4.4628816,3.2845724,-0.5936382,0.9968657
-0.081224464,-0.34673122,-1.0606931,-0.9744489,-0.4738445,0.5888377,-1.6239624,1.967005,0.92369866,-1.0578195,1.4199078,0.052950054,-0.20287296,0.5271935,1.7402391,-2.583394,0.7120379,0.0006266137,-0.79648274,0.68713236,-1.1855307,-1.9343203,0.43979084,-1.3065778,-0.16053924,-1.0204405,1.2685486,1.0653591,-1.1687281,-0.92868084,-1.2193239,0.3164131,-1.5542321,1.35665,0.35316846,0.6799135,0.34981555,1.1952424,0.1351739,0.15164632,1.4376674,-1.774459,1.1330525,-0.5187583,-0.3484527,-1.1747158,0.83483315,-0.30807936,-0.66989535,-1.8664025,0.1717377,-0.102064565,0.8454721,-0.22222434,-0.17648488,-2.0763872,-0.4516732,-0.6814911,0.8997401,0.1674167,1.6707721,-2.1217887,0.1179957,-0.7179657,0.5228554,0.78171104,-0.028021874,-0.39819026,-0.4710651,0.8924258,-1.2478826,-0.53558487,1.5434592,-0.3164171,-2.117418,0.10679727,-0.9982557,0.07959247,1.4083933,0.85034156,0.81653285,-0.5719822,0.29036042,0.20801534,-0.01121521,0.6601982,-0.5573254,0.6568027,0.41941753,0.5841134,-0.84072816,1.3350332,-0.53413934,1.7977328,-1.818389,0.48231772,0.30372953,1.2752178,-1.2138878,1.682103,-1.0628128,-0.27013624,-0.62032473,0.34396818,-0.39073405,1.0633852,-1.0712091,0.29069135,0.73858845,-0.5569978,-0.9303165,0.18743902,0.57634974,-0.2709314,-3.04248,-0.3666671,1.3787076,-0.0654587,0.3362177,1.015345,1.3154817,0.0703644,-1.1446533,1.1006929,-5.260003,2.7853284,-0.71313936,0.71088386
-0.5378564,-0.5805689,-1.6276876,-0.40131682,0.407082,0.90510637,-1.5040649,2.2334092,0.3666785,-1.1221025,1.4242922,0.2804054,-0.36982527,0.30457303,1.9667387,-2.1071496,0.18676108,-0.89090085,-2.2282345,0.52563125,-1.2054657,-1.8052628,1.3045161,-1.7704767,0.30933,-0.782493,1.0539124,0.9365059,-1.557224,0.3199875,-0.23711255,-0.88761353,-2.332577,1.4736879,0.336035,0.58837736,-0.23409176,0.97830594,1.1497862,0.27179956,0.13783704,-1.0718145,-0.20322883,-0.60893565,-0.4386381,-1.100689,0.6470759,-0.45196775,-0.56457186,-1.6270666,-0.35196415,0.38033247,-0.7765994,0.61285794,-0.20805,-0.3181828,-0.10441344,-0.6969631,0.3728442,-0.1813496,1.0184449,-2.1057663,0.5336986,-0.8077474,-0.36469978,0.39687032,0.871484,-0.45687503,-0.05868656,0.024813166,-0.086500734,-0.62470245,1.2574626,-0.115159795,-2.6331801,0.5982749,-0.534965,-0.12189423,1.8648653,2.0488634,0.8188189,-2.1966405,0.08116458,-0.09543472,0.2623085,0.061555248,0.18175724,0.29805994,1.6671757,-1.0004821,-0.07706496,0.64633775,0.027648294,1.3923504,-1.3082978,1.0797161,0.11296686,0.8616627,-1.1249737,2.270444,-0.19975868,-0.20334886,0.007377031,0.73284876,-0.8353725,0.5508745,-0.6031909,0.09279477,1.2423315,-0.79301786,-1.6863706,-0.3394748,0.6065084,-0.73810655,-2.332948,1.1146338,1.4621924,-0.823247,0.7200687,1.3199437,1.3217467,0.5940518,-0.78617156,-0.04197968,-5.353833,2.824843,-0.20776647,0.55066293
-0.005691125,-0.42891464,-1.4748938,-0.8740674,-0.68524325,-0.023870341,-2.0613828,1.6376715,0.5282209,-1.4653926,2.1350148,0.21540245,-0.18822072,-0.13945812,1.5858252,-2.5135128,0.7461541,-0.47881886,0.16499442,0.32667938,-1.0964735,-1.8356484,1.0665556,-1.8402588,-0.079993226,-0.86884594,1.5133531,0.9600201,-1.9820311,-0.93081504,-0.3749386,0.090609245,-1.989053,1.4106292,0.1578799,0.872056,0.38971967,0.15122116,0.69554174,0.018916082,1.3694961,-0.38924542,0.76111853,-0.056220394,0.13339475,-0.95831394,0.8412223,0.06006424,-0.21581756,-1.7143435,0.5117622,0.722424,0.6908076,-0.30899197,-1.1457129,-1.6327335,-0.35129315,-1.1511874,0.5940081,-0.20372555,1.1890502,-1.3859501,0.36089933,-0.46028504,0.15675385,1.871401,-0.31601298,-0.028870521,0.050833758,0.49068823,-1.2580148,-0.46920466,0.8763737,-0.6381315,-2.1006088,0.4061619,-0.6013774,-1.2295259,1.6294681,0.60523474,1.2815975,-1.2508993,-0.30605313,0.052273624,-0.3453701,0.29475892,-1.1481645,1.4046885,0.5729427,-0.76766187,-0.33904576,0.40629268,0.34534127,1.7208022,-2.0529044,0.6800437,1.3215153,0.74534893,-0.61896676,2.0431347,-0.39071682,-0.38719633,-0.62759644,0.6858112,-0.6184519,0.27284086,-1.2867354,0.8426394,1.4471686,-0.68880594,-0.524975,0.0090284385,0.5175337,1.0926447,-2.9328387,0.060935613,0.94944817,0.10193884,-0.51332176,0.95463425,1.3832121,-0.14413556,-1.0666419,0.6064381,-4.966152,2.9932835,-0.35844627,1.3313214
0.3625477,-0.034017075,-1.631522,-0.5148477,0.3886776,0.81642926,-1.4451659,1.4163953,0.34372383,-0.7671891,2.5199537,0.35720807,-0.12386005,0.5802067,1.9949095,-2.0243213,0.16152953,-0.71781933,-1.0074139,0.5423249,-1.3956379,-2.321141,1.0025797,-1.3408778,-0.06510672,-0.27863258,1.7407221,0.81218404,-1.3958409,-0.36132818,-0.40162462,-0.39487612,-1.5805055,1.6896414,0.47780842,0.6128009,-0.3994425,-0.09077499,0.58286256,0.18343398,0.37083793,-0.548736,0.70967376,-0.24835844,0.040971488,-0.1780151,0.98578143,-0.97406083,-1.22573,-2.2936378,0.7481417,-0.036540683,0.33069357,-0.24316931,-0.83889407,-2.452784,-0.7473467,-0.98439395,0.68118405,0.44071063,1.1909839,-1.7702799,-0.07938234,-0.69444585,-0.20128736,0.7500624,0.7924967,-0.9642126,-0.08576346,0.41100377,-1.2708521,-0.47264224,0.2054466,0.46476462,-1.993651,0.20426732,0.4521146,0.7557104,-0.08535835,1.4651132,0.8000749,-0.04867661,-0.32533634,-0.16278955,-0.2738124,0.6642345,-0.33486974,-0.28132576,1.6811231,-0.20661113,-0.6925287,0.8420315,0.73829544,1.8367432,-2.0369036,-0.23768398,0.56239086,1.131312,-1.222967,1.7026376,-1.0515977,0.1998892,-0.8550435,1.0554116,-0.83712,1.7066431,-0.23682067,0.46233857,1.5574493,-0.6552116,-0.541233,-1.2988997,1.9460071,0.6842885,-3.339873,-0.12598181,1.5229474,-0.19333887,0.32906252,0.31658742,1.4657413,-0.8131405,-1.3528607,0.6285158,-4.948228,1.7784411,-0.49047768,0.14704108
0.09831675,-0.21183734,-1.6347116,-0.24784252,-0.5969196,0.66951084,-2.2590349,1.2917265,0.4377878,-2.2132916,1.85627,-0.100300305,-0.16976897,0.20122737,2.3185105,-2.0118825,0.4080782,-0.14958256,0.047114495,0.56175804,-1.0721846,-1.8169444,1.7200565,-1.8656509,-0.4903879,-0.7156451,1.4664731,1.8243209,-1.365231,-0.74449205,-1.0982385,-0.6847958,-2.236485,1.5937426,0.32244274,0.39088506,0.575721,0.7397688,0.4326056,-0.044678755,1.0932821,-0.9577119,0.33788338,0.017548254,0.09975835,-1.294388,0.7695649,0.46896848,-0.37754732,-1.6102679,0.49281168,0.3885259,0.19994195,-0.67598885,-0.7992773,-0.7895647,0.09227882,-1.0179375,0.16984206,-0.1825416,1.6121172,-2.3631103,0.7614107,-0.42865196,0.11946229,1.1458805,0.17258044,-0.5314146,-0.5206799,0.44342703,-0.78549755,-0.40650803,0.6419736,-0.49008504,-1.9502914,0.42837563,-0.6315466,-0.13917549,2.197075,0.94964546,0.8627009,-1.482202,-0.37260124,-0.26915118,0.19526158,0.5142013,-0.5567423,0.60691994,1.1013981,0.05707056,-0.28932387,0.4015272,0.33877078,1.4738383,-2.2668989,0.35147297,0.6681077,0.81377393,-0.8752915,2.1180766,-0.43625343,-0.11121868,-0.5567961,0.7920199,-0.78955007,0.36592737,-1.0961388,0.30619168,1.1179091,-0.1854211,-1.2689556,-0.42785555,0.44727015,0.27064115,-3.1929405,0.0050413487,0.8657933,0.0035898788,0.37117976,1.3670402,1.1813772,-0.17045626,-1.2382547,0.61823434,-4.7051954,3.2735214,-0.6894073,0.86339355
0.27289298,0.7737563,-1.6290686,-0.67538047,-0.32457203,-0.12910497,-1.5422431,0.9171576,0.49326476,-1.5699306,1.3489705,0.6645297,-0.5651284,0.5235138,2.727259,-2.3945909,1.2007134,-0.4434358,-0.051461503,0.37197772,-1.0879686,-2.1295898,1.6416105,-1.508677,0.06467128,-1.2819927,1.7587638,0.8979053,-0.84970695,-0.8259194,-1.3435105,-0.8169825,-2.599441,1.2638943,-0.05356482,0.5672881,0.11963363,0.78421193,-0.10332433,-0.08919847,1.0024692,-1.60867,1.4973848,-0.88655514,0.8602006,-0.831467,1.1076027,-0.52506626,-0.35461602,-2.1365979,0.32027063,0.38856468,1.0745294,-0.71014345,0.2462637,-2.3002892,-0.9089721,-0.30647567,0.58095825,0.57177246,1.7225991,-2.0387576,0.12572096,-0.64448625,0.010626822,1.1583865,-0.115162484,-0.22700763,-0.4127564,0.18950939,-1.3801106,0.49582487,1.3925054,0.117642894,-1.8039768,0.3408896,-0.60617596,-0.07407672,0.28905722,0.67877233,0.5056905,-0.77892834,0.7212132,0.32313868,-0.037007224,1.0571033,-0.32780087,0.42828485,0.97324866,-0.21846382,-0.92973226,0.64109623,0.032086413,2.1724973,-1.9103814,0.5725502,0.25013703,0.22154872,-0.86204696,1.4654206,-0.99062294,-0.78517586,-0.74409163,0.941631,-0.25725973,1.2176555,-1.3089566,0.12228664,0.9990416,-0.56606764,-0.8413934,0.17490296,0.37888148,0.52907085,-3.237029,-0.18100992,1.1594273,-0.27289638,0.12241689,0.73998624,1.1991313,-0.20115235,-0.65070045,1.0984908,-4.6990075,2.3033464,-0.12774883,0.8924458
-0.5288095,-0.64987797,-1.941249,-0.303851,0.08032592,1.1062471,-2.11613,2.052595,0.24080838,-1.3837149,2.0365815,0.017199907,-0.40717092,-0.3091762,2.0499957,-1.9035884,-0.030909376,-0.66676545,-1.6192181,0.5935904,-1.2090892,-1.5490106,1.2098972,-2.106085,-0.05936136,-1.2858661,0.8702314,1.6027545,-1.6077303,0.10586393,0.05304057,-1.4581698,-2.3615642,1.6085091,0.5063355,0.6194046,-0.14065309,1.2567533,0.039400127,0.43915546,0.46890727,-1.1289958,-0.028349953,-0.73309016,-0.9083526,-1.104661,-0.19556184,0.47462437,-0.7092082,-1.3263341,-0.4473412,0.4821707,-1.1450787,-0.12930359,0.478127,-0.19459575,0.4611555,-1.0485651,0.25854,-0.7835533,1.7035928,-2.0161638,0.30078644,-0.4470173,0.4452314,0.43000418,1.3716222,-0.54661,0.045940988,0.15451863,-0.41704592,-0.383551,0.8796985,0.31711644,-2.1635175,0.65063804,-1.1100669,0.012149204,1.7151259,1.4324259,1.0178001,-1.8505431,-0.1316346,0.061989572,0.0995591,0.06533757,0.33717382,0.21767597,1.5947161,-0.42185736,-0.09238615,0.6745093,-0.09057866,1.6274697,-1.4861426,0.73224074,-0.0478371,0.93003005,-1.1710272,2.0858974,-0.50120974,-0.15111724,-0.119606055,0.5356168,-0.7220426,0.7059298,-0.6097287,0.3449476,1.4008957,-0.50866663,-0.92359036,-0.5063689,0.5405228,-0.49989977,-2.3649366,0.90633285,0.98125505,-0.16632313,1.2285851,1.9070241,0.6704181,0.64890665,-1.4232374,0.4464174,-4.919098,2.7167547,-0.28099498,0.4215039
-0.02503399,-0.22085084,-1.6833987,-0.26967213,-0.13817155,0.67994374,-1.9643564,1.5506725,0.09647417,-2.08207,2.003931,-0.3213624,-0.256918,0.18338819,2.6451006,-2.1324916,0.6642233,-0.49595466,-0.21843429,0.600539,-1.4137137,-1.9244936,1.558004,-1.8928937,0.10258466,-1.1198523,1.2950402,1.5770241,-1.3709415,-0.516657,-1.1316031,-1.1142601,-1.5933441,1.9435059,0.16697127,0.7054488,0.31851166,0.95222497,-0.1825372,0.46305794,0.7420934,-1.4578499,0.8895621,-0.2224602,-0.18762198,-0.7579903,0.6753827,0.6103466,-0.94333,-2.040227,0.3065313,0.8837191,-0.15337518,-0.23049627,-0.4322598,-0.79933906,0.021072155,-1.4547861,0.3809077,-0.23442018,1.3953596,-2.3304877,0.19143611,-0.557134,0.0020534303,0.8948504,0.7173934,-0.43055794,-0.30473515,0.33725232,-1.6960447,-0.18999161,0.71852624,-0.2573291,-1.8501915,0.14020006,-0.38764468,0.0031847765,1.8273023,1.3260539,0.79911447,-1.173476,-0.46772027,-0.27319425,0.042683527,0.33413514,-0.16697633,0.79256004,1.2708385,-0.5454205,-0.28218943,0.24883558,0.40209845,1.6909872,-2.129249,-0.009346812,0.5477322,0.74004024,-0.66894996,2.1522844,-0.40371183,-0.20601787,-0.950963,0.78450936,-0.399869,1.2038076,-0.7978685,0.1336531,1.3061135,-0.3464859,-0.930005,-0.4731067,1.2491299,0.28010046,-2.9745831,0.08882922,0.92392975,-0.3256707,0.6662658,1.1384509,1.1574159,-0.3327191,-1.1977103,0.33292872,-4.352781,2.783837,-1.0379066,1.1513938
0.46528995,-0.044854425,-2.493034,-0.3584689,-0.8050869,0.9994436,-2.2484932,0.5244006,0.6623756,-1.2300571,1.5212092,0.7336459,-0.7884256,-0.057707734,2.1431627,-1.7404258,0.69114226,-0.10803832,0.08763001,-0.26347855,-0.28912848,-2.3334687,1.3593767,-1.4070612,-0.13639869,-0.85847807,1.0529306,1.817866,-0.7145972,-0.31133777,-1.6582465,-0.26954666,-1.8340081,1.6226882,0.44962627,0.46965277,0.0696989,0.9771694,-0.761966,0.3399073,1.3183279,-1.1589313,1.028863,0.6313842,0.6285765,-1.1809993,0.44764957,0.69169676,-0.92515785,-1.8434262,-0.0969903,1.560179,-0.10584023,-0.62336886,0.13352136,-1.6809877,-0.5704644,-0.33995315,0.32678813,0.36058953,1.9339963,-1.7709851,0.31539038,0.010056648,0.7391067,1.187596,0.61460197,-0.6373107,-0.89836097,0.6167573,-1.1690062,-0.1944318,1.6345495,0.49222496,-2.8714697,0.40002456,-0.832764,0.72198117,0.26738265,0.58567166,0.29859713,-1.0920973,0.9339629,0.5751647,0.49011227,0.9302349,0.044916246,-0.22569379,1.1628621,-0.26666299,-0.36753485,0.3087533,0.5866504,1.7385476,-2.0786457,0.005506605,0.14591692,-0.010910372,-1.3670161,2.3672113,-1.3224736,-0.19854388,-0.51776075,0.76573193,-0.22762236,0.46020865,-1.6150273,-0.7118799,0.47917306,0.07110407,-1.1727006,-0.057251863,-0.5836396,-0.14049526,-3.525421,-0.008378324,0.6767178,0.4799642,0.5002643,1.0663023,0.9508607,-0.46830863,-0.74508345,0.9041189,-4.549447,1.9474273,-0.9322638,1.1340655
0.16530788,-0.074875616,-1.7319762,-0.5410472,-0.84394944,0.55630255,-2.3110635,1.4091055,0.6293783,-1.4866302,1.9304602,0.023562469,-0.01926376,0.19704945,1.8851645,-2.2212844,0.2674983,-0.38564688,-0.056728013,0.7859346,-1.4790013,-1.4479047,1.5936486,-2.2265213,-0.2401397,-0.7128457,1.4325564,1.9517806,-1.66875,-0.8009489,-0.84045815,-0.55621743,-2.0101547,1.8515987,0.1823933,0.6327604,0.5194918,0.9765103,0.27420053,0.23623726,1.2223612,-0.8988009,0.62515956,0.00801146,-0.19795062,-1.3084096,0.9174254,0.4812657,-0.5345064,-1.9118184,0.48730007,0.03864569,0.23440425,-0.3144379,-0.881429,-0.7882323,0.2520979,-1.3830009,0.07353311,-0.37906402,1.1811714,-1.841441,0.49231917,-0.57783985,-0.15116198,1.2222174,0.343133,-0.40658674,-0.45466942,0.3720382,-0.46589097,-0.6026087,0.63469434,-0.55915296,-2.3937633,0.092020385,-0.8054036,-0.29040223,2.125083,1.1526437,1.1699313,-1.386346,-0.584791,-0.12449034,-0.025055954,0.2675904,-0.84893125,0.59554034,0.7923837,-0.6258817,-0.31436136,0.7872682,0.59163404,1.468359,-2.020015,0.45235157,1.2428209,0.7312291,-1.1085974,1.9724269,-0.47074103,-0.4008197,-0.4213884,0.71343315,-0.4968581,0.5802914,-1.0048139,0.39067176,1.1931435,-0.3004372,-1.022118,-0.5822888,0.65706915,0.36600962,-2.8242638,0.04548101,1.0621483,0.27451283,0.49615455,1.1804509,1.2333677,-0.25707692,-1.3134676,0.6416565,-4.4071693,3.1396194,-0.9023432,1.0636843
0.296475,-0.8569129,-1.3248521,-0.38807583,-0.6588744,0.2239131,-1.319786,1.6626213,0.43517578,-1.3919358,1.7674469,0.15294598,-0.8167703,0.12364573,2.7072058,-1.5432436,1.0791425,-0.9312475,-0.56888133,0.36160874,-1.800533,-1.9454305,2.116512,-2.290921,-0.29292238,-1.3200791,1.4324212,1.3613906,-1.4371432,-0.60297376,-1.5595614,-1.0365402,-2.017195,1.7656196,-0.11752137,0.6090608,-0.16227955,1.038735,-0.5865598,0.14274919,0.8625275,-1.6768525,0.43338165,-0.80016994,-0.3599355,-0.98076856,0.8512278,0.48805508,-1.1007388,-2.4860446,0.75985414,0.58445865,0.5717784,0.03873958,-0.041241016,-0.7720573,-0.11783033,-1.3261806,0.5107713,-0.45266032,1.2250862,-1.7675377,0.2824845,-1.0280621,-0.09250257,0.856836,0.68306583,-0.35274783,-0.12376891,0.4852093,-1.3328658,-0.1858124,1.0022645,-0.047127627,-1.4345695,-0.4144264,-0.44820026,-0.09437663,1.8169705,1.4111443,0.9500077,-1.329788,-0.0315718,0.3727671,0.25176945,-0.015958924,-0.123966195,0.59222025,1.2637919,-0.38182116,-0.27224824,-0.032064516,0.8315727,1.4052345,-1.5585084,-0.24933757,0.73527783,1.1922008,-0.43671677,1.625392,-0.03422098,-0.2675164,-0.9524103,0.38476142,-0.33902466,1.1344506,-0.52732426,-0.20121986,1.3170575,-0.4383721,-0.578529,-0.30311742,2.0126913,0.1038363,-3.2291496,0.03622166,1.7696178,-0.6620146,0.7727591,1.0070453,1.1477181,0.006075826,-1.2005843,0.29634565,-4.456264,2.3318162,-0.22489275,0.7855597
-0.59827167,-1.1448618,-1.6326731,-0.37454253,0.64173174,1.1255624,-2.1355217,1.9670203,0.023865772,-1.0470718,2.0101285,0.19745658,0.13921481,0.13120677,1.5334628,-2.0677502,1.4739432,-1.2057128,-1.4615877,0.53306305,-1.2468609,-1.4768761,1.0320454,-1.5810844,-0.045355015,-1.638958,0.729894,1.5958036,-1.2565615,-0.044926327,0.1691001,-1.3117137,-2.7849994,1.8089455,0.31962717,0.77612805,-0.33497688,1.4104635,0.2539264,0.3248616,-0.014213618,-1.543748,0.31534517,-0.5070128,-0.56188416,-1.3471092,0.030512672,0.25869304,-0.8053756,-1.3385928,0.02600908,0.8283285,-0.88276523,-0.12985139,0.38232493,-0.055364843,0.25065994,-0.7002264,0.87899363,-0.9996572,0.66553605,-1.6128645,0.3176354,-0.8143893,-0.17209338,0.6712778,1.0860623,-0.4628618,0.21046187,0.38138014,-0.31258017,-0.33659357,0.80271494,0.042038977,-2.1923254,0.6406109,-0.8340353,-0.60776806,1.8541702,1.8442541,0.6173593,-1.8138938,-0.08941313,-0.08501799,0.07827753,0.38087183,-0.08745629,0.22200003,1.326027,-0.89733416,-0.25481772,0.34432673,-0.5428613,1.2687457,-1.6747242,0.17671683,0.045378026,0.9910134,-1.2063403,2.8118281,-0.5575128,-0.5205711,0.07428897,0.6108298,-0.56109756,0.84878385,-0.16732189,0.089384496,1.2797266,-0.3676845,-0.8656265,-0.43267554,0.44655117,-0.43128103,-2.38692,0.90305114,1.1948936,0.13105364,0.49249935,1.4407424,0.8243631,0.60525686,-1.5835549,0.3453314,-4.7410135,3.1454895,-0.025121992,0.33933774
0.5134578,-0.06452968,-1.8224567,-0.7645662,-0.73174345,0.007617539,-2.0333514,1.7550063,0.07054514,-1.5038396,1.6972296,0.3127849,-0.036592647,0.060262185,2.2160394,-2.2108223,0.98432946,-0.5185713,-0.1503755,0.63210166,-1.3728874,-1.6443431,1.6410756,-1.698239,-0.28305435,-0.82005453,1.1963091,1.2574692,-1.4630657,-0.73984283,-0.70520145,-0.9876442,-1.7992959,1.4305822,0.413363,0.38062197,0.27678606,0.7050098,-0.67145514,0.37987313,1.329185,-1.4148833,1.002257,-0.47578207,0.04463965,-0.81492823,0.9882548,0.08120951,-0.4142664,-2.0333235,0.64021116,0.81020707,0.6072367,-0.6010848,-0.35697603,-1.4435549,-0.117402084,-1.117483,0.26865998,-0.49239326,1.7265912,-1.8460672,-0.10385031,-0.31338453,0.37143642,1.4494433,-0.43071657,-0.13264658,-0.20579088,0.9361288,-1.2064645,-0.22717588,0.7806258,-0.22790368,-2.2861714,0.2747044,-0.6264124,-0.61954445,1.6557894,0.96509475,1.0802017,-1.4550954,-0.08890817,-0.114728026,-0.100140125,0.23025334,-0.57040954,0.7224384,1.0196604,-0.3691293,0.045407515,0.49661928,0.61599827,1.9161316,-1.7137601,0.096838504,0.9643718,0.86110085,-1.1216493,1.8306,-0.61240315,-0.485337,-0.97372854,0.5055642,-0.51949304,0.9242294,-0.9515155,-0.09924727,1.0351487,-0.5384291,-0.86123556,-0.6088565,0.83264464,0.4784382,-2.8059661,0.024603404,1.3411374,0.02935568,0.23370913,1.3901342,1.4833299,-0.057801664,-0.75069314,-0.077744484,-5.2436795,2.6933548,-0.73422736,1.7940905
0.15976311,-0.8462806,-1.4416021,-0.6638312,-0.3533888,0.7325436,-1.4232922,2.2305484,1.0678415,-0.87293476,1.183832,0.14073676,-0.73374575,0.15747909,1.8189371,-2.2136781,0.10878106,-0.1794183,-0.8932728,0.8600171,-1.3627518,-1.9070222,0.57860434,-1.3562157,-0.58723116,-1.2144233,1.0457047,1.0488502,-1.424958,-0.8417098,-0.98949856,0.8087544,-1.7712349,1.3866918,0.9301544,0.5024673,0.4304942,1.1748457,0.60023135,-0.20091374,0.6703292,-1.1249758,0.12555577,-0.14745043,-0.49587464,-1.1759944,0.4302099,0.031090133,-0.98131996,-1.8265592,0.93713015,0.3954864,0.25894955,0.37916324,-0.16746803,-1.6139134,-0.41024145,-0.6603907,0.65634906,0.12023831,1.4307967,-1.7050753,1.0507749,-1.2004386,0.30120468,0.74655116,-0.042083915,-0.35798085,-0.45929393,0.9298758,-0.9257156,-1.39554,1.0678633,0.031995505,-2.0515304,-0.3179276,-1.0660452,0.35275722,2.2207747,0.8679273,0.56740123,-0.9857937,0.11404709,0.06691176,0.4076907,0.14769451,-0.023456916,0.9055357,1.1946127,0.08058714,-0.7397833,1.1929615,-0.46658176,1.5723301,-1.9487009,0.33914253,0.11279234,1.404348,-0.99855083,1.9846275,-0.91100204,-0.26115906,-0.06870632,0.6965766,-0.7259141,0.74100536,-1.3672017,0.6451432,1.2691926,-0.28886044,-1.1471864,0.35937446,0.60412097,-0.3869331,-2.5260348,-0.24908559,0.8836908,-0.7158612,0.57054406,1.0618112,1.3908446,-0.1632979,-1.591693,0.93538976,-5.4923997,2.9246368,-0.9440102,0.88834524
0.4584045,-0.2092671,-1.739818,-0.79524547,-1.1142403,0.020834869,-2.1598628,1.5302076,0.27736023,-1.541754,1.8274837,0.03417798,-0.25003853,0.20532593,2.3082025,-2.5110455,0.46394756,-0.3010371,0.2607708,0.45483455,-1.1121998,-1.4777861,1.391251,-1.997647,-0.13223992,-0.49646363,1.8001028,1.6131358,-1.3382454,-0.33888674,-0.7207537,-0.52774876,-2.0887904,1.4912863,-0.1466482,0.44963673,0.32571,0.5340206,-0.099879116,-0.15131497,1.5275451,-1.0269529,1.0557532,-0.24194893,0.06411539,-1.4402515,0.83841676,-0.21816482,-0.22190061,-1.8126445,0.5249477,0.0710754,1.0921233,-0.51510847,-1.1065674,-1.3452315,-0.22495279,-1.2217078,0.5143556,-0.43510675,1.6432515,-1.7012821,0.25265786,-0.8285907,0.25063732,1.3904918,-0.13666053,0.001646824,-0.14700103,1.3318424,-0.88018674,-0.41604918,0.976978,-0.2812333,-2.139341,0.3026942,-0.92738533,-0.7593962,1.6512951,0.8984488,1.2601763,-1.2445133,-0.49639267,-0.048858553,-0.1638893,0.34343368,-0.8011274,1.0766729,0.7650502,-0.2667994,-0.30732706,0.6811454,0.4893565,1.4765635,-1.8817602,0.1441815,1.0838994,0.88835365,-0.79143614,1.79776,-0.34818533,-0.6153642,-1.0314633,0.26339963,-0.38221255,0.118523,-0.85055745,0.25970963,1.1704729,-0.73982435,-0.6344027,-0.1622999,0.6060725,0.37711856,-3.0772057,-0.16529778,1.050449,0.27829036,0.119413994,1.3296472,1.1123694,0.3142725,-1.0446135,0.84907496,-4.9263606,2.9277601,-0.28552106,1.1829429
-0.08464214,-0.6195602,-1.7218995,-0.5912038,0.2667483,1.1845939,-1.7615242,1.6903214,0.40760407,-1.5862257,1.4499795,0.24193405,-0.3562463,-0.38111934,1.7361172,-1.9724431,0.95086735,-0.62043,-0.8840899,0.29494274,-0.77127886,-2.105715,1.3471941,-1.5290276,0.28960693,-1.3639238,0.8310791,0.9560516,-1.8486807,-0.14731804,-0.24020547,-0.7881944,-2.120111,1.7884537,0.376431,0.1238532,0.026314888,0.91076714,1.1078492,-0.2713846,0.4901353,-0.5255858,0.41498306,0.06733123,-0.47318313,-1.323264,0.4707763,0.8081527,-0.5866683,-1.6765293,-0.13321076,0.84463567,-1.0838223,0.12779579,-0.04904841,-0.6806339,0.14310132,-0.9012325,-0.11085171,-0.25075212,0.5524615,-1.9648983,0.2406893,-0.032413118,0.40284872,0.84268767,1.2440352,-0.5253873,-0.60094696,0.0061668945,-0.5733197,-0.56379914,1.4091523,0.06697144,-2.3867812,0.75683254,-0.8455868,-0.37320018,2.0222085,1.4755229,1.0806452,-1.8724556,-0.032037366,0.1361757,0.5611349,0.4301747,-0.019455448,0.5726817,1.2249141,-0.7613615,0.067745954,0.39193445,-0.03942745,1.3260392,-2.0018315,0.899889,-0.08393853,0.89029235,-1.2560796,2.357695,-0.29216626,0.17063148,0.34220523,0.88925827,-0.41996974,-0.0062197465,-0.997713,-0.0067273746,1.1644756,-0.4508803,-1.5038139,-0.4673311,0.38537326,-0.35480407,-3.026191,0.4465154,1.1308984,-0.27752241,0.92940116,1.4905133,0.98434865,0.6758869,-1.6439211,0.2683246,-5.394852,3.0293298,-0.4337432,0.5489362
0.22067685,-0.15481299,-1.5597097,-1.073656,-0.45125476,0.25749567,-2.0280497,1.0329888,0.5831551,-1.8584898,1.759238,0.03686041,0.18473156,0.6721601,1.8964597,-2.2225535,1.1462836,-0.20628296,0.27619752,0.4511536,-1.0416623,-1.5987896,1.0475891,-1.595132,-0.31887773,-1.2564005,1.4179575,1.5337429,-1.2031924,-1.0210665,-0.9222335,-0.6303686,-2.0918097,1.7519848,-0.47850248,0.8116603,-0.0061698644,1.1517806,0.14561048,-0.10508598,1.0719888,-1.2441288,1.6065073,-0.46821883,0.1084673,-1.4351044,1.0423702,-0.4342401,-0.33556387,-1.7938206,-0.06579849,-0.09449556,0.7619071,-0.5651775,-0.40338838,-1.2698623,-0.44724098,-1.0790535,0.80733114,-0.34046963,1.2486484,-2.3445058,0.113792144,-0.45690697,-0.1946457,1.2574685,0.07335891,-0.45241758,0.035398066,0.64397496,-0.86658055,0.24990292,1.6375455,-0.53658736,-2.4891362,0.43782735,-0.8580465,-0.88659734,1.3612252,1.2295176,1.2288833,-0.97237545,0.004261584,0.078818806,-0.08560885,1.1424551,-0.92671204,0.95867103,0.6672578,-0.16393249,-0.8135949,0.6903104,0.105714895,1.6859496,-1.8277738,0.78465635,0.3722603,0.56137925,-0.84621775,2.0332346,-0.5166485,-0.64600354,-0.38129675,0.5729641,-0.4285492,0.5615094,-0.9477832,0.43467215,1.2243428,-0.6097628,-0.8754973,-0.01842499,0.52197963,0.38896164,-3.0961313,0.2092216,1.3714645,-0.06977103,0.001007486,1.0062866,0.90069264,-0.056542143,-1.0049486,0.9173419,-4.706187,2.8486643,-0.18683107,0.54965985
0.26167366,-0.1942379,-1.6260339,-0.42278767,0.7633594,1.0917039,-1.3187629,1.3439808,0.2682599,-0.79588807,1.0917456,1.0109205,-0.61660796,-0.45568782,2.2381446,-2.01338,0.98310906,-0.5558898,-0.42231897,-0.10174228,-1.2234265,-1.9892142,1.1993713,-0.79401445,-0.21050517,-0.8694766,0.7051018,1.168051,-1.6145914,-0.5303289,-0.7006692,-0.5678864,-2.8922772,1.6668236,0.8418664,0.29494727,0.057268552,0.7552818,-0.09329148,-0.18798241,0.14779314,-1.3951921,0.6471155,-0.34141558,-0.30295596,-0.3261368,0.19737256,0.44372678,-0.36405432,-1.4263055,0.41653863,1.0121182,-1.3065189,-0.07325982,0.5717763,-1.1554621,0.14946683,-0.8396681,-0.2969605,0.5051236,0.89703673,-1.3162043,0.67396384,-0.6008007,0.8637491,1.0450816,0.6558714,-0.36698347,-1.282147,0.37458348,-0.2637374,-0.35701695,0.8271944,0.6617782,-1.9728199,0.5790504,-1.0293081,0.28678226,1.6647245,1.1134105,1.2267394,-1.8748884,-0.13511734,-0.51725334,0.3777576,0.410861,0.5072216,0.5559749,1.3893516,-0.7521202,-0.035667937,-0.03321577,0.31706113,1.613466,-1.9200962,0.35009372,0.17252667,1.3560781,-1.8337253,1.7497394,-0.9323456,0.092577145,0.19680001,1.3993804,0.15064487,1.114742,-1.5858027,-0.46858585,1.2345048,-0.0047283783,-1.6542219,0.10012691,0.3594464,-0.05713416,-2.9406261,0.55913275,-0.047354076,0.13724685,0.5880138,1.3971552,1.0651046,0.32181847,-2.7369456,-0.19844986,-5.551029,2.627266,-0.96413517,0.82831633
0.59506965,0.16341141,-1.7768974,-0.6937151,-1.2230482,0.49372914,-1.937846,1.4863006,0.53466856,-1.6624215,1.7143563,0.21514101,-0.5491412,0.20836738,2.2735596,-1.9692554,0.46147805,0.010526677,-0.27854043,0.74294716,-1.2652605,-1.4379535,2.0304124,-1.9571582,-0.573729,-0.9455406,1.2644188,1.9166101,-1.411035,-0.38538432,-1.0817536,-0.84186804,-2.0325603,1.5521343,0.57985866,0.63361824,0.68568206,0.5131433,-0.112479895,-0.005078614,1.6184119,-0.52357894,0.8027829,-0.25257137,0.21948369,-1.5681509,0.8569417,0.39003676,-0.73725915,-1.9111723,0.22535905,0.15812205,0.1530037,-0.4854069,-0.8182106,-1.2179841,0.21105155,-1.5678673,0.19801183,-0.35544822,1.6779915,-1.4212881,0.520667,-0.47068095,0.22055227,1.3171635,-0.4168499,-0.032181405,-0.73264873,0.9626727,-0.43013713,-0.5184668,0.5452933,-0.13107261,-1.9146761,-0.03301398,-0.9919577,-0.38210163,2.4297514,0.448521,1.3901138,-1.4060955,-1.098688,-0.28054553,-0.069975324,-0.14542936,-0.6518328,0.9114503,0.6770119,-0.9872546,-0.062412918,0.8830902,0.5854135,1.0190219,-2.1804166,0.26852033,1.4657731,0.51513153,-0.5571587,1.7680767,-0.46804282,-0.4554102,-0.963807,0.9268992,-0.23359062,0.5467061,-0.8914075,0.3291098,1.126604,-0.5820568,-0.8650809,-0.39674926,0.34949726,0.6205226,-2.6221433,0.12377376,0.8432356,0.34673285,0.14682068,1.5511938,1.3417931,-0.10641493,-1.1052247,0.47041878,-4.760802,3.0148277,-1.1436561,1.0516766
0.23169261,-0.29086763,-1.9045143,-0.66417986,-0.48188025,-0.23836781,-2.3014255,0.75658643,0.8778622,-1.1423001,1.8631686,0.17624803,-0.22982669,0.2580254,1.395216,-2.5510693,1.4466412,-0.77768254,-0.17676969,0.017564379,-1.0527422,-2.2117834,0.4459881,-1.3328856,-0.10184223,-1.1449145,1.1669768,1.0865251,-0.7898166,-0.38040313,-1.1219815,-0.6198228,-1.480419,1.3835899,0.22255857,0.2953593,-0.24456768,1.4487512,-1.1555914,0.7087305,0.68218887,-2.391502,1.2815706,-0.017627615,0.5635603,-1.3430774,0.5079594,-0.15787359,-0.6350021,-2.10191,0.34638304,0.3074466,1.1595554,-1.1055585,-0.18092051,-2.2587092,-0.73725885,0.1892617,0.7449354,0.14190544,1.1782148,-1.1384465,-0.12149261,0.11580147,0.22198631,1.3137052,-0.20664194,-0.2034966,-0.4452225,0.9292791,-0.87969047,0.22205284,2.1212616,0.2690985,-2.5719807,0.52014196,-0.5743921,-0.19442016,0.11278281,0.6438728,0.3027473,-0.08300236,0.9767084,0.5273452,0.099282265,1.6169975,-0.062140185,0.5319039,1.0377668,-0.16197072,-0.80059123,0.65236866,0.6818141,2.5237978,-2.0280151,0.19133498,0.26158887,0.1823179,-1.1121887,1.7890203,-1.4837799,-0.6283722,-0.45909366,0.8484833,-0.36741373,0.9405949,-0.59556544,0.08919718,0.60506374,-0.5996375,-0.6992442,-0.16271253,0.46573895,0.5663553,-3.556143,0.08114801,1.3600408,0.08135155,0.0260282,0.7799469,0.38152212,-0.46639788,-0.46165845,1.2093074,-4.318907,2.2371829,0.5284014,0.88308525
-0.5440557,-0.63211316,-1.8981689,-0.32309166,0.50107735,0.96924984,-1.8360425,1.9203783,0.31227204,-1.0041697,1.8822718,0.035860132,-0.7066866,0.1667157,2.0095832,-2.1166239,-0.32217878,-0.77812904,-1.8331947,0.47058442,-0.9511128,-1.821032,1.1738757,-1.8304595,0.28392208,-1.0941052,0.92284054,0.96523565,-1.577276,0.058939476,-0.31380877,-0.7783128,-2.3684337,1.6494168,0.534997,0.6668768,-0.12684144,1.1753385,1.1756501,0.33220586,0.07058864,-1.0255991,-0.28438798,-0.50516623,-0.35763437,-1.2086709,0.45728517,0.23257399,-0.565905,-1.9537717,-0.37789327,0.44388554,-0.92317575,0.5331198,-0.3048602,0.03924744,0.2774831,-0.82509303,0.41919658,-0.56570417,1.0214356,-1.5194726,0.6357044,-0.60203236,-0.052742504,0.52524346,1.028312,-0.28567556,-0.19910944,0.25827995,-0.17965928,-0.7146136,0.9187239,0.02737306,-2.7390473,0.3540613,-0.983678,-0.07721774,1.8997701,1.9449592,0.6389863,-2.0893795,-0.21157518,0.014874717,0.62575984,-0.09794874,0.17126064,0.16243361,1.7462121,-0.8513392,0.3869399,0.6399775,0.3530815,1.1609589,-1.3250368,0.91733515,0.4471419,0.83398783,-0.6571229,2.4614024,-0.31752,-0.24235198,-0.10730327,0.76875746,-0.5022278,0.22752167,-0.74186236,0.34562486,1.1190599,-0.6363591,-1.6988627,-0.49562407,0.47115168,-0.47422582,-2.509774,0.54860985,1.2682503,-0.50344753,0.9051674,1.2585598,1.0471579,0.7770887,-1.1597893,-0.08466161,-5.390614,3.0343661,-0.21442883,0.5101632
0.17584416,-0.42207882,-1.6861954,-0.5473388,-0.72219557,0.574889,-2.1782625,1.5048633,0.4540543,-1.4685329,1.7304888,0.23402494,-0.030005416,0.25815812,2.1600254,-2.0147283,0.9130786,-0.9409248,-0.23876864,0.88056505,-1.6817447,-1.3855256,1.692522,-2.2815514,-0.43649796,-1.3191782,1.286226,1.850048,-1.299059,-0.5314228,-1.0128419,-1.0193154,-1.6470603,1.6094383,0.4148078,0.6743941,0.14106624,1.1560212,-0.39296547,0.8076854,1.2269313,-1.4390817,0.64838696,-0.35141975,0.056816317,-0.9777382,0.81808156,0.8363383,-0.9437597,-2.5053523,0.78117144,0.53183997,0.29577622,-0.064466305,-0.22352862,-0.6368126,0.345129,-1.5457158,0.42801768,-0.68153745,1.1791593,-1.6704177,0.19472931,-0.79722285,0.074342415,1.0115808,0.20472115,-0.13163103,-0.08426457,0.902178,-1.2448593,-0.5025922,0.74072003,-0.43861932,-2.2644114,-0.09833386,-0.73244387,-0.46406484,1.7755581,0.9741164,1.1198442,-1.2664634,-0.41832677,-0.084659174,-0.33872563,-0.27419934,-0.37389332,0.5070188,0.9020478,-1.0448148,-0.16589878,0.23795484,0.9304923,1.3655752,-1.8293846,0.21722098,1.449396,0.55324656,-0.96355194,1.9017565,-0.29349613,-0.35600656,-0.71673715,0.4047073,-0.28872928,1.11439,-0.7827552,0.12584718,1.0458742,-0.5326994,-0.84447074,-0.44669387,1.3883206,0.019807467,-2.5764117,0.024810694,1.131797,-0.28325456,0.4729098,1.5708281,1.3575672,0.026518473,-0.8060724,-0.1730746,-4.7719626,2.7213478,-0.48711345,1.5067388
0.506142,-0.14020634,-1.7536331,-0.70202094,-1.4158633,0.04169574,-2.0796428,1.7122982,0.9195016,-1.4026965,2.1037517,-0.115680926,0.03479866,-0.10089963,1.9125315,-1.7925389,0.5190437,-0.6310173,-0.23993233,0.627457,-1.2724872,-1.874023,1.485687,-2.0710547,-0.55180156,-0.9849741,1.6729822,1.2691292,-1.8856076,-0.37853518,-0.62314117,-0.4686043,-2.114469,1.7267556,0.7818763,0.38481775,0.58780354,0.89405185,-0.19894144,0.19543828,1.1391482,-0.8243688,0.1414235,-0.49266273,-0.3457105,-0.92909735,0.6308897,0.4637438,-0.7240811,-2.6228118,0.48119545,0.20221275,0.2653057,-0.3188025,-0.60682595,-1.259039,0.43513942,-1.3384132,0.3738739,-0.3916651,1.2113768,-1.0205444,0.64113295,-0.02236922,0.062307645,1.2774887,0.26435012,-0.3486122,-0.8721142,0.47886845,-0.5486492,-0.4258997,0.9878208,-0.2490152,-1.73944,-0.16530287,-0.823855,-0.6100609,1.9900373,0.8680143,1.6325911,-1.0271723,-0.42366508,-0.0008358145,-0.29426333,0.44405386,-0.37589392,0.5814613,1.335634,-0.44013807,-0.5013012,0.8808175,0.656614,1.4573162,-1.924799,-0.48317945,1.0656087,1.1535455,-0.49169967,1.594268,-0.6821016,-0.31488222,-0.64407146,0.5642973,-0.41613445,0.59483,-0.6953213,0.68280745,0.9774452,-0.77425385,-0.41303104,-0.43471044,1.3809856,0.32433888,-2.9947646,-0.26950914,0.8351014,-0.7266372,0.45815128,1.030022,1.3701353,-0.41236493,-1.0252426,0.7859074,-4.8364973,3.073801,-0.34475762,0.9593586
0.983186,0.16369094,-1.5577716,-0.3750261,-1.1405122,-0.16692898,-0.8390677,1.3325152,0.39285204,-1.1561877,1.8252949,0.5697754,-0.6022327,-0.30302835,2.0597544,-1.9773709,1.4658374,-1.0523031,0.1675137,0.28878057,-1.1021557,-1.9665667,1.7965066,-2.2442412,-0.57909936,-1.4084396,0.77382886,0.3496222,-1.6025692,-1.0154561,-0.39078814,-0.83427936,-1.3911812,1.7004806,-0.050521843,-0.43131405,0.3032371,1.2311299,-0.5934791,0.40284726,0.7185917,-1.8725303,0.8304847,0.2547754,0.5812012,-0.8873101,1.2372954,0.14728752,-1.364413,-1.6329154,0.13927755,0.1763947,0.36833924,-0.6684814,-1.4076306,-2.1808498,-0.26696938,-1.0948186,0.7687572,0.96913767,1.5164471,-0.576869,0.1218354,-0.9235705,1.0334991,0.4177467,-0.8030275,0.13103318,-1.3075017,0.45687017,-1.124554,-0.08503274,0.51894546,1.4579602,-2.3940537,0.45569095,-0.33210102,-0.34378365,1.317399,0.8318076,0.658007,-0.7640325,0.47386348,-0.112011775,-0.055785574,-0.0070567313,-0.09532724,0.020131813,1.1875888,-0.75385225,-0.41417712,0.78527236,0.6907798,1.4713802,-2.2389898,0.57562876,1.5065727,0.31531867,-0.8022101,2.012568,-0.63912946,-0.5304722,-0.5862542,1.9860103,-0.9930693,1.7678956,-0.72216433,-0.5548975,1.1682568,-0.58647025,-0.029533263,-0.96312517,0.41371936,0.5955449,-1.953252,0.13505156,0.44391707,-0.26485932,0.09905195,0.81900257,0.80960935,-0.9056368,-0.62334025,1.2455634,-4.1710286,2.5733347,-0.3802004,1.9734492
0.23737505,0.24928859,-1.8310217,-0.7812987,-1.0564643,0.2048923,-2.1020238,1.1976525,0.71726084,-1.8539567,2.105567,-0.37365007,-0.26785147,0.1839161,2.1443574,-2.0257626,0.40263712,0.098575875,0.046017602,0.6337157,-1.135122,-1.9036967,1.2628094,-1.8954933,-0.5846068,-1.0583392,1.5933512,1.5853435,-1.5063491,-0.8312473,-1.1966126,-0.66039854,-1.9637749,1.439873,0.19210014,0.53532314,0.38221952,0.95766526,0.11845849,-0.0030765343,1.6001389,-1.0829508,0.91319263,-0.30948758,0.19314648,-1.642957,1.0398055,0.09117686,-0.5290941,-1.8688414,0.4381944,0.06119893,0.6004801,-0.51958287,-0.80660945,-1.3174945,-0.26676637,-1.2543933,0.3309446,-0.48613295,1.1821316,-1.9053713,0.23569752,-0.08128577,-0.0782502,1.3717967,-0.10813952,-0.28125995,-0.33097264,0.58972967,-0.79789007,-0.2109918,1.1321768,-0.4666421,-2.1041756,0.12974505,-0.8454301,-0.43684947,1.8008155,0.5888405,1.3501412,-0.7563315,-0.55840755,0.043953326,0.15600333,0.9287028,-0.97285575,0.9521397,0.65460116,-0.22515033,-0.56418717,0.84578013,0.6955085,1.6898288,-2.0571094,0.34918126,1.0982225,0.5956382,-0.65116274,1.8739552,-0.48980245,-0.15534806,-0.70992553,0.44963533,-0.2051568,0.3513742,-0.98910165,0.41306275,1.0744462,-0.35668138,-1.1709497,-0.45304307,0.47657323,0.68633115,-3.2748785,-0.07802818,1.1172731,0.14710079,0.41308618,1.5850468,0.81345206,0.20148833,-1.0346392,0.83997196,-4.3902826,3.0736325,-0.18846639,0.75396955
-0.37518114,-0.44986182,-1.72023,-0.87753695,-0.47302657,0.5898762,-2.2578473,1.6313448,0.49379674,-1.2853302,2.2560601,0.36177826,-0.19905762,0.14244972,1.7149916,-2.4653056,0.8715108,-0.41247922,-1.0230155,0.77580726,-1.1477863,-1.571286,1.221659,-1.7988926,0.074719965,-0.91761816,1.1953335,1.2016609,-1.644585,-0.3764259,0.10812727,-1.1712582,-1.7958124,1.72777,-0.42239243,0.581592,-0.10012154,1.1364962,0.3065117,0.2592349,0.82521075,-1.500495,1.0139307,-0.5222983,-0.24411747,-1.094095,0.72556347,-0.3984887,-0.63592577,-1.3440676,-0.24665612,0.1920046,-0.23071377,-0.22187954,-0.3442037,-1.0374696,-0.1510389,-0.8619954,0.47020403,-0.21919592,1.6145706,-2.1444302,0.33017397,-0.43372,-0.35940206,0.8733305,0.60687757,-0.1339596,-0.15462625,0.20601349,-0.43744808,-0.353556,1.4485363,-0.70698965,-2.0832882,0.762856,-0.502458,-0.7192908,1.5582324,1.8583527,1.3421264,-1.7696822,0.16139014,0.09867459,-0.3301902,0.45741135,-0.34377572,0.23249005,0.77632385,-0.5745274,-0.39411134,0.45532894,-0.22820327,1.6825383,-1.8072709,0.6622176,0.42045704,0.7538272,-1.0627621,2.1145222,-0.3346365,-0.62726206,-0.102360874,0.50784,-0.85810816,0.64022154,-0.52394974,0.5250569,1.3143339,-0.9481508,-0.88042784,-0.35576352,0.54025173,-0.028349165,-2.6226285,0.9637961,1.2902884,-0.16693608,0.34795648,1.1891536,0.91430646,0.19319116,-1.0271648,0.7971153,-5.195129,3.2865295,0.076478764,0.43413323
0.39383942,-0.12685555,-1.6224934,-0.5771261,-1.271553,-0.3005639,-2.1895514,0.9447962,0.44058707,-1.3673604,1.7058485,-0.09452877,-0.013638016,0.07199916,2.085354,-1.8806337,1.0776682,-0.16985548,0.66636115,0.62698567,-0.9677977,-2.0589256,1.0686878,-1.6586639,-0.5265713,-0.91849196,1.7192812,1.8383094,-1.6077306,-0.9498792,-1.2358137,-0.55977714,-1.7525768,1.4562312,0.053056397,0.15025328,0.43933126,1.2640249,-0.42165866,0.30033895,1.3376927,-1.2965546,1.0865105,0.16557811,0.27000234,-1.6085109,1.1778004,0.16860767,-0.39879838,-1.8369468,0.58964235,-0.46938545,1.0052241,-1.049184,-1.0028174,-1.1414498,0.06770629,-1.3016961,0.6113082,-0.72266984,1.3583227,-1.6715927,0.2315174,-0.31811678,0.11133847,1.26469,-0.26172736,-0.41836864,-0.5613448,0.8431993,-0.9255101,-0.023796394,1.0285033,-0.36595082,-1.9840086,0.24436547,-1.0280796,-0.62362874,1.3922912,0.74329734,1.3164399,-0.8866913,-0.42096412,0.16596943,-0.20167512,1.0885121,-1.0772538,0.687438,0.7366664,0.03605219,-0.45762435,1.1205794,0.40468213,1.928871,-2.203901,0.39903826,1.1699015,0.7687194,-1.0260209,2.015778,-0.87935406,-0.30787647,-0.6207314,0.49708766,-0.10547731,0.74096435,-0.7767442,0.157525,0.98480165,-0.37383953,-0.7653665,-0.43349674,0.5991009,0.2531226,-3.3478842,-0.37080115,0.9149228,0.028330732,0.3961507,1.431629,0.47787604,-0.32049668,-0.6826607,0.96998084,-3.9405212,3.1586545,-0.28050217,0.78963166
0.8589098,0.16134405,-2.0057616,-0.67898107,-1.0494767,0.07903486,-1.6037499,1.0492327,0.96499205,-0.65497524,2.09287,0.1114817,-0.6751208,-0.01011477,1.9376686,-2.5498407,0.75357985,-0.57341695,0.559807,0.07918959,-1.0573702,-2.6015856,1.1219593,-1.7467686,0.171693,-1.0233258,1.3421763,0.8717829,-1.0290163,-0.093135715,-1.0359946,-0.83537805,-1.4969957,1.6521869,0.44352382,0.3676868,0.510486,0.85161614,-0.51928276,0.05953382,0.96825755,-1.4682981,2.0048385,0.042399395,0.42856723,-0.72772324,0.80654424,0.36500856,-0.89756906,-2.2033753,0.5627689,0.070954405,0.18738806,-0.5062903,-0.5314157,-2.6220677,-0.57238925,-1.0281425,0.8240348,0.46484137,1.3200086,-0.937315,0.05084804,-0.34633154,0.09288435,0.79806674,-0.08888797,-0.093729116,-1.1246088,0.38137478,-1.3034806,0.21692277,1.3895662,0.77115506,-2.7838953,0.42703,-0.20623171,0.08095672,0.50758195,0.4415228,0.5988621,-0.27007508,0.21369503,0.08150485,-0.07841599,1.0260681,-0.20876683,0.6914617,0.74864453,-0.94677764,-0.05839058,1.2274263,0.62054425,1.8068295,-1.8894873,-0.16383602,0.19856769,0.44416466,-0.69720614,1.6701777,-1.1059246,-0.55026066,-1.1767792,1.1983676,-0.15977429,1.4348277,-1.026321,-0.025054818,0.59699184,-0.8290149,-0.5284709,-0.0021209456,0.33453727,1.019899,-3.0621052,-0.9126613,1.1248957,0.6750252,0.24787748,0.52696633,0.8242506,-0.60349905,-0.7356444,0.9978779,-4.667523,2.391211,-0.56649786,1.3827997
0.27676532,0.19621707,-1.903287,-0.9292555,-0.8322299,0.39097792,-2.0615041,1.4745916,0.3934837,-1.5949949,2.1027915,-0.23611385,-0.11421758,0.27213135,2.11258,-2.020097,0.96392936,-0.5481736,-0.03069167,0.6352006,-1.099439,-1.7076359,1.4222146,-2.1611948,-0.3889631,-1.418419,1.480926,1.7754208,-1.4910398,-0.6041487,-0.99004406,-1.0467652,-1.6260854,1.6534897,-0.13774562,0.82302296,-0.10355893,0.8225604,-0.45889893,0.5714744,1.4452755,-1.3754162,1.2575884,-0.53256774,0.24457191,-1.2998712,0.9113443,0.11895421,-0.71433234,-2.217804,0.2958197,0.3404681,0.80862385,-0.30208132,-0.30756003,-1.1140928,0.008467872,-1.1995343,0.80592597,-0.55873454,1.425356,-1.9442989,-0.2656682,-0.5498562,-0.12438392,1.2025214,0.06348314,-0.0322487,-0.22484027,0.4962276,-1.1703606,0.14402367,1.0429152,-0.3687549,-2.1958833,0.14997329,-0.7381747,-0.8304302,1.1787833,0.8563415,0.9183719,-0.8192789,-0.33969674,0.1429939,-0.08759614,0.7969786,-0.88299185,0.73742557,1.2135499,-0.5559094,-0.55689466,0.6894476,0.43625477,1.6846539,-2.0592206,0.420129,0.6722189,0.6921546,-0.58631974,1.7008218,-0.54289657,-0.4661272,-0.9643134,0.3292172,-0.026829159,1.1469687,-0.9269106,0.14784855,0.9299036,-0.6224704,-0.68647164,-0.28075033,1.0574338,0.6312505,-3.182711,0.030369334,1.438785,-0.13092704,0.29703367,1.3659333,0.8408147,0.13701707,-0.7381209,0.5251965,-4.5869355,2.7154372,-0.034590688,1.0730544
-0.8240404,-1.1082654,-1.6175617,-0.6339898,0.70440763,0.95744,-1.364767,2.254894,0.36500952,-1.503386,1.5774488,0.055516653,-0.00895472,0.1073269,1.5545641,-1.877661,0.32832012,-0.78272694,-1.8437519,0.45055705,-0.6887919,-2.0096598,1.0785404,-1.6161073,-0.07404295,-1.3271801,0.6654665,0.9470328,-1.6880041,-0.3242269,0.13695602,-0.7313904,-2.3951252,1.6812593,0.74837965,0.61212814,-0.09375324,0.6642218,1.5140599,-0.033286326,0.18296991,-0.78947675,-0.07290883,-0.4877539,-0.9015873,-1.1328844,0.19324164,-0.2235032,-0.43414834,-1.2503401,-0.59304374,0.9350729,-1.0924197,0.64766973,-0.21071105,-0.38666028,0.27604073,-0.6293715,0.40048888,-0.14966874,0.87544936,-1.9383081,0.48871246,-0.42709795,0.23817393,0.23688982,0.83222467,-0.6419574,-0.096849404,0.24546552,-0.05304159,-0.46531427,1.0689592,-0.09737132,-2.6814005,0.8527725,-0.62422085,-0.12877336,2.2260835,1.6740179,0.9459373,-1.7379,-0.12434131,0.2688247,0.24182099,0.20290348,0.0063668066,0.55436796,1.9454434,-0.23873991,-0.08193779,0.55837977,-0.27241802,1.145608,-1.5322552,1.0009711,-0.19282861,1.1608794,-1.4465625,2.1612437,-0.41508567,0.026173199,0.5783698,0.70219696,-0.6814452,0.38487718,-0.9074404,0.26938346,1.1025631,-0.7033169,-1.3799822,-0.29202968,0.7454753,-0.6601745,-2.4385905,0.93400395,1.3004817,-0.6828387,0.7550531,1.1656352,0.76158255,0.6886989,-1.4734732,0.15753627,-5.618559,2.9606197,-0.20339708,0.5293771
0.06269587,0.15616648,-1.5692792,-0.92165583,-1.0608277,0.15550408,-2.582419,1.3918887,0.7146957,-1.7096344,2.1046464,0.05183306,-0.047427755,0.057176955,2.056561,-2.2607155,0.8781102,-0.15908936,0.10852289,0.17895205,-0.93004835,-1.6372976,1.2847992,-1.7784212,-0.6672532,-0.94936794,2.0763767,1.4670409,-1.7142171,-0.88780504,-0.66458577,-0.6783101,-2.2105026,1.5490754,0.32231766,0.4781477,0.3856197,0.6548568,-0.35978755,-0.07699727,1.4860228,-0.981435,0.70398337,-0.6710107,-0.06998134,-0.96411544,0.8405231,-0.16611317,-0.16498601,-2.0718858,0.043360922,-0.011701791,0.6227534,-0.4336979,-0.53643334,-1.520061,-0.2363883,-0.9111594,0.24145524,-0.46808675,1.4609483,-1.8401215,0.3354008,0.007710241,0.21349472,1.4463902,-0.041289456,-0.13911453,-0.35043937,0.9269639,-0.28286123,-0.12748575,1.47381,-0.34437746,-2.252878,0.09067664,-0.9635608,-0.7270237,1.7811599,0.9846199,1.2718501,-1.1263881,-0.19009227,0.07774774,-0.047119904,0.7651506,-0.6396105,0.77835435,0.7384284,-0.10285277,-0.55268276,0.96500975,0.60874987,1.7805084,-1.7841767,0.29021457,0.5992426,0.67961943,-0.68557596,1.7826415,-0.5015943,-0.47165197,-0.6755505,0.28972825,-0.31846264,0.30837807,-0.55859363,0.4469833,1.0278851,-0.7124812,-0.6177967,-0.4197542,0.5051172,0.44507653,-3.2403853,-0.14823006,1.2626365,-0.106189,-0.002415908,1.3907982,1.124759,0.038569126,-1.1295898,0.6897403,-4.612759,2.8657649,-0.4922646,0.91522205
0.03158417,-0.5587175,-1.3964972,-0.79677486,-0.6235764,0.7859357,-1.7114114,2.004467,0.9654146,-0.83114946,1.6506937,-0.18577217,-0.31771258,0.045473382,2.1964073,-2.0778186,0.49690002,-0.18365498,-0.56130147,0.41566807,-1.1523647,-2.0772312,0.5402641,-1.2383785,-0.08761533,-1.1290836,1.1849431,1.0617001,-1.4159789,-0.3674833,-1.2241108,0.72010386,-1.8584002,1.3991226,0.44854635,0.24416435,0.1442102,1.2782488,0.42486674,0.006970023,1.0336927,-1.3938634,0.6863939,-0.14976029,-0.41111284,-1.5507538,0.6735869,-0.0011301147,-0.7912682,-1.6534221,0.70270765,0.02498966,0.6233676,0.017011037,-0.36495638,-1.7945813,-0.42824587,-0.5368345,0.99229175,0.11016579,1.5369638,-1.6710796,0.55906594,-1.0169758,0.2177336,1.0332927,0.07565167,-0.21279564,-0.703267,0.81268406,-1.0594634,-0.829698,1.4377824,-0.2079012,-2.1991055,0.09175939,-1.231334,0.19502835,1.5756577,0.8179568,0.75376695,-0.5578054,0.58270276,0.11468189,0.29201916,0.7883653,-0.23858817,0.659748,1.1888193,0.00057127274,-0.92366374,1.3594095,-0.23642327,1.7494578,-1.9269291,0.4451336,0.2993608,1.3616297,-1.0539454,1.9542638,-1.1683737,-0.7107205,-0.38148016,0.4928569,-0.3427051,0.6019172,-1.473047,0.3738991,0.9421602,-0.47750175,-1.06609,0.23201792,0.46624658,-0.049260106,-3.283088,-0.24652323,0.83085877,-0.484628,0.2834238,0.7552899,1.1648779,-0.011063056,-1.3821449,1.1934661,-5.349891,2.7625244,-0.5083383,0.8871126
