0.077892706,0.15584564,1.6084846,-0.33559656,0.33557606,0.93080944,-1.8157736,0.32617164,0.17155561,-0.4216795,0.14732696,1.800219,0.27068976,-1.1370214,1.254979,0.23028804,-0.781462,0.98031044,0.47091526,-0.47300756,-0.75537163,0.19222285,3.4174118,-0.27799124,-0.07709488,1.2467632,-0.19242366,-0.3377704,0.6640609,0.7193027,0.9422557,-0.8519459,-3.2003365,-0.89293194,-0.40658155,1.8528289,-0.45072857,0.20122778,-0.42408338,1.3204943,-1.9937035,0.9498321,-1.0587555,-0.45875743,-0.37543225,-0.83225286,-1.5620142,0.31774506,0.5901547,0.73206264,-1.0118684,0.69566935,-0.39728308,0.6258583,-0.72966236,1.0425123,-1.3655463,-0.49310172,0.2487233,1.311262,1.7234062,-0.39179835,1.5434242,0.18376681,1.6940708,1.3799728,-0.15520826,0.8870019,1.10085,-0.30704403,0.058711506,2.5754552,1.1716788,-1.0153848,-0.6799265,-0.57043,-0.3662486,-0.7113187,-0.8890884,-0.8894154,0.77190006,-0.44750607,-0.6187044,-1.1557811,1.056378,0.3349827,-1.6997654,0.03320735,0.45973212,0.0703872,-0.8810149,3.0376632,-0.28804025,-0.56197697,0.077648304,0.3908222,-0.912073,-0.09708039,0.23743631,0.15487176,-1.240002,0.20720804,-1.3713938,-1.8908055,0.8735075,0.24960633,-0.37378448,-1.3909975,0.012621662,0.03466557,-1.4088647,0.18955137,0.26979926,4.317855,0.8179107,0.07758533,-0.44277808,-1.4882553,-1.4997046,-1.4270389,-0.16835617,-0.6497664,-3.4305801,-0.12929343,1.0300828,0.3540843,1.3175796,-1.698737
0.35902193,-0.11397729,1.6529208,0.28806913,0.5731067,0.80708945,-1.8898225,0.56792134,0.21774651,-0.35575315,-0.027633725,1.0385578,0.20053013,-1.151749,1.3755662,0.70622796,-0.29545486,0.7006963,1.0188043,-0.63293797,-0.78431576,-0.08026074,3.6938624,-0.13977042,-0.8639065,1.8052931,0.27742133,0.39412796,0.6456871,0.6446691,0.83249193,-0.7371084,-2.1294153,-0.40106064,-0.4421226,1.4411434,-0.41515464,0.21120445,-0.328444,1.3020995,-1.4109803,0.3787526,-0.89894307,0.0711436,0.07524981,-1.2517289,-1.0625566,0.40753713,0.81912875,0.5879254,-0.5995933,0.62261105,-0.9941491,0.6447013,-1.1369922,0.888959,-1.2013793,-0.22270161,0.3068449,1.817836,1.7473855,-0.47901446,1.548589,0.39729142,1.7092547,1.7432685,-0.56629795,1.1732398,1.1779194,-0.6417665,0.02837255,2.0825808,0.86147773,-1.6050447,-1.0513673,-0.78225416,-0.3946178,-0.2702522,-1.3806907,-0.76997215,0.62011594,-0.7131722,-1.2153089,-1.0577292,1.0451616,0.4072771,-1.358918,-0.06320078,0.71622205,0.30239087,-1.0029521,2.6236043,-0.25419152,-0.7786534,0.27657938,0.024022207,-1.1582634,-0.13636702,-0.068893455,0.27503824,-1.2550093,0.30569497,-1.614495,-2.2349432,0.819102,-0.12925695,-0.15837821,-1.5343118,-0.2034247,0.36625418,-2.5860977,0.5637697,-0.29695833,4.1012363,0.5511139,0.13118574,-0.6422139,-1.8400669,-1.2078182,-0.86074144,0.01490464,-0.70260715,-3.170619,-0.87614506,1.8206272,0.2542077,0.9734685,-1.5889097
0.03257699,0.36344483,1.5380632,-0.07453584,0.30705756,1.0344733,-1.645669,0.4799117,0.35508978,-0.37697864,0.317859,1.2428522,0.52503943,-1.2123417,1.5711409,0.34275985,-0.44609603,1.087297,0.37449408,-0.9425464,-0.58409923,-0.148566,3.2669888,-0.103980534,-0.9080614,1.7448609,0.06317948,-0.0648784,0.43239635,1.0252275,1.1587318,-0.91700494,-3.1431508,-0.8418481,0.12739415,1.3866398,-0.5557211,0.09705038,-0.14035356,1.2149736,-1.96472,1.4263501,-0.89319944,-0.29880553,-0.46351168,-0.7172824,-1.657587,0.3955489,0.4022964,0.58462226,-0.94826263,0.7956443,-0.8224504,0.48399258,-0.8410538,0.09071263,-1.1026006,-0.5192408,0.6816481,1.3502858,2.059029,-0.63976216,1.4543782,0.107451916,2.157008,1.2861073,-0.2727682,1.4894806,0.8876814,-0.0055046775,0.40983233,2.7547233,1.0483288,-1.0964282,-1.2140299,-0.5377586,-0.020285586,-0.69254774,-1.3086187,-1.0299578,0.6834786,-0.823966,-0.109408535,-0.35207862,1.3831122,0.053883005,-1.4145751,0.18131663,0.25525698,0.26861364,-1.0632136,2.5313728,-0.30257595,-0.7862524,-0.13772492,0.16794315,-1.085782,-0.2614611,-0.30923605,-0.40865058,-1.3785416,0.5705499,-0.87653834,-1.8074075,0.6869895,0.45255888,-0.7681216,-1.6566302,-0.27552563,0.08051162,-1.9603273,0.4343053,-0.04218001,3.8006756,0.782271,-0.20037141,-0.35747164,-1.7310544,-1.2049171,-1.9242716,-0.42611456,-0.6632524,-2.8652298,0.28521737,1.3331649,0.32438448,1.604444,-1.7518653
0.6266696,0.061634447,1.5903105,0.09763885,-0.0138726365,0.53987175,-1.2711256,0.87869817,-0.012356065,-0.43974724,-0.3895809,1.5663184,0.5674257,-1.0310042,1.0571994,0.10370054,-0.54979545,0.8252224,0.4244166,-0.17768408,-0.46670663,0.019052692,3.0678585,-0.11601426,0.18797913,1.8813853,-0.19823632,0.18869664,0.7863951,0.3142841,0.5801738,-0.17068195,-3.4192626,-0.13762283,0.0063210796,1.8864808,-1.2275766,-0.4718181,-0.2314736,1.5570168,-1.7748857,0.39843756,-1.4079349,-0.6100713,-0.034401815,-1.344709,-1.5245897,0.20146187,0.15562962,0.990648,-0.3933931,0.44852927,-0.1261256,0.6642549,-0.13526565,1.4048805,-1.34161,-0.15112366,0.47356638,1.2148336,1.9689837,-0.08895579,1.0930976,0.4223832,1.9258813,1.1207018,-0.26537636,0.61580503,1.126572,0.0026336825,0.024205036,2.0561879,0.65039384,-1.6911836,-1.2100465,-0.564866,-0.037591532,-0.92612016,-1.3898181,-1.3187115,0.45225745,-0.34636185,-0.80868864,-1.0644479,0.539505,0.24661341,-1.6711575,0.37778598,0.5559262,0.36002868,-0.66204727,3.357752,-0.35196292,-0.26779357,0.12805441,0.15023647,-0.75756395,-0.1642126,-0.5816779,0.18528804,-1.7392274,0.38421085,-1.529586,-1.9720831,0.8675508,-0.22284172,0.14276582,-1.3853394,-0.42991343,0.56206584,-1.58531,0.6529367,0.48134604,4.2916436,0.42890072,-0.25779858,-1.0120367,-1.9795495,-1.110433,-1.6739835,0.2266192,-0.5598745,-2.8289063,-0.5799458,1.8965167,0.49201596,1.2952632,-1.5119599
0.04428348,0.42807657,1.7249594,-0.28584334,0.15514821,0.9803935,-1.554385,0.71876734,0.60902643,-0.37705708,0.25585315,1.0216557,0.47423026,-1.2060735,1.5470831,0.26628554,-0.53452533,1.249094,0.65719116,-0.8339623,-0.8733761,-0.06885008,3.4055176,-0.23952256,-0.6471774,1.4911184,-0.2083655,-0.019593177,0.511001,0.80218637,0.63084334,-0.8433174,-2.9394963,-0.78921777,0.07489988,1.8308048,-0.3214782,0.09988656,-0.38742855,1.1196094,-1.4484928,0.90422606,-0.7468719,0.06023768,-0.44130826,-1.0098513,-1.3989466,0.75343657,0.5495184,0.39146554,-1.0395154,0.33691436,-0.7960505,0.74840736,-1.1663989,0.51982117,-1.1916689,-0.47203383,0.16975223,1.2510004,2.1775796,-0.5972669,1.7311879,0.20840362,2.124634,1.3948859,-0.09539431,1.3496453,0.9738729,-0.15484586,-0.073050395,2.0082247,0.9522492,-1.2140646,-1.2625486,-0.66436887,-0.27789178,-0.81555426,-1.6275362,-0.8937054,0.5808424,-0.6108198,-0.42149478,-0.5672845,1.3413905,0.37562996,-1.5685946,-0.09759878,0.39706632,0.1170607,-1.1374177,2.6060917,-0.18294945,-0.69756156,-0.10736448,0.30130464,-1.1370401,-0.02524868,-0.18849032,0.010867003,-1.275865,0.35484374,-1.2477667,-2.0399542,0.8762173,0.15905851,-0.3556608,-1.7497181,-0.08673614,0.47356728,-1.8231468,0.5916316,0.18056409,4.4817677,0.6797765,-0.05480109,-0.41581082,-1.4936818,-1.438644,-1.099224,-0.13606796,-0.53967065,-3.144901,-0.31732795,1.2639941,0.13208339,1.3453724,-1.5505619
0.009130795,0.3012388,1.7498261,-0.054211378,0.2671823,1.4360247,-1.4989723,0.61348844,0.5970727,-0.23072442,-0.10689201,1.3082672,0.08069801,-1.1352382,1.0373834,0.0017999772,-0.17273566,0.9858176,0.58900887,-0.72141284,-1.0165557,0.09479317,3.7841632,-0.52381945,-0.122424245,1.1194772,-0.3756174,-0.05994098,0.7846439,0.71519816,0.5255478,-0.3764233,-2.921089,-0.38515356,-0.366078,2.1892633,-0.5286257,-0.22130837,-1.2442297,1.2016842,-1.6869107,0.91247195,-1.2575599,-0.19439232,-0.2537192,-1.3067575,-1.3664939,0.5450188,0.66120535,0.659073,-0.93590254,1.1927829,-0.6695437,0.4461585,-0.8959322,0.5178767,-1.6408081,-0.8151013,0.14727509,1.4900573,1.6921551,-0.42814872,1.4191608,0.122538924,2.0432658,1.340969,0.2319873,1.0372841,0.64751273,-0.08126979,0.21570265,2.2055807,1.198452,-1.6486963,-1.5239071,-0.7310561,-0.93796736,-0.9792493,-1.0666329,-0.24098046,0.22993076,-0.44327423,-0.51410973,-0.8665087,0.5203776,0.04997174,-1.5632627,0.09692816,0.11428527,-0.26270664,-0.78608096,2.544798,-0.27225175,-0.5160769,-0.3361836,0.8655472,-0.49870777,-0.20020282,0.15771304,0.51161104,-0.8413301,0.50260776,-1.2582142,-1.7454911,0.7956496,0.33293298,-0.25419182,-1.5139511,-0.24494122,0.47039688,-1.8641084,0.18438728,0.23362213,4.510077,0.6561562,0.08945229,-0.036458418,-1.4577326,-1.5961325,-0.9518928,0.15221168,-0.6929375,-3.0631077,-0.2557751,1.1093655,-0.02602743,1.9118253,-1.5279107
0.12259065,0.8636027,1.6624743,-0.28573507,0.20391834,0.9331027,-1.8403376,0.6413211,0.32324418,-0.802968,0.24908262,1.7573102,0.5567135,-1.0350863,1.2793211,-0.012279356,-1.0860013,0.5459648,0.2614292,-0.4303985,-0.5461375,0.41055351,3.2446566,0.27265877,-0.31096265,1.3104795,0.18634611,0.09046805,0.6258492,1.0143988,1.1598792,-1.1922485,-3.666002,-0.91881144,-0.5138622,1.5709807,-0.664766,0.03865496,-0.2749185,0.9764343,-1.8960925,1.0205677,-0.86947644,-0.05093758,-0.7578105,-1.0174793,-1.3370968,0.31184074,0.71025497,0.8440348,-0.8303774,0.47344264,-0.25846994,0.58622223,-0.7034521,0.6251658,-1.0366967,-0.26144624,0.5034463,1.1698167,1.4418762,-0.71793467,1.4866886,0.22847176,1.8293395,1.4958872,0.15399766,1.2360564,0.44436505,0.14177613,0.09939473,2.588295,0.45369986,-1.6376842,-1.1276684,-0.5681031,-0.3739634,-1.0414128,-1.2203767,-0.97286046,0.8730113,-0.65908283,-0.3689662,-0.5888753,1.5440843,-0.14796212,-1.5489761,0.34299666,0.7217734,0.20247845,-0.7266075,2.7434866,-0.4455835,-0.3547818,0.31263456,0.35345924,-0.7644715,0.104572535,-0.24215388,-0.020583685,-1.5916679,0.4453825,-1.2154523,-1.9355158,0.86415905,0.1564662,-0.43780115,-1.5017729,-0.10186015,0.32935196,-1.6976508,0.24388671,0.06417886,4.1131444,1.0459335,-0.4211802,-0.5181965,-1.4498795,-1.147621,-1.8478047,-0.43464467,-0.8004648,-2.8643165,0.37294143,1.2877,0.2774922,1.1964868,-1.9743187
0.3805238,0.37298062,1.6007679,-0.23818186,0.19203575,1.0123656,-2.0320306,0.68799454,0.5441104,-0.6020471,0.05120661,1.5361934,0.6173854,-1.2725306,1.3316857,0.50040126,-0.6877052,1.0555633,0.4497711,-0.23282216,-0.32333264,0.16121253,3.3775847,-0.27785116,-0.18939464,1.2436761,0.13129954,-0.025554597,0.6233095,0.8311993,1.1863209,-0.9397363,-3.1320517,-0.86886054,-0.47334644,1.5724059,-0.8658315,0.09479805,-0.45508426,1.2228194,-1.9645537,0.91522884,-0.79525524,-0.47339794,-0.5637286,-0.9204405,-1.0046537,0.39838743,0.7687475,1.0803607,-1.2597208,0.5782701,-0.65909225,0.33216658,-0.6180169,0.8829295,-1.440185,-0.3855262,0.5230287,1.296538,1.5257553,-0.528683,1.2948642,0.08270652,1.9813682,1.8112733,-0.12539172,1.0173451,0.9102901,-0.50158226,0.5530423,2.4472034,0.8565476,-1.4875342,-0.78112864,-0.5689565,-0.0024933056,-0.8827778,-1.1515136,-0.83876455,0.5966176,-0.55820775,-0.5034623,-0.76348823,1.1138549,-0.276725,-1.5571206,-0.06420181,0.8480096,0.27809793,-0.6354817,2.7845988,-0.4660524,-0.63751435,0.41603044,0.0990802,-1.1057675,-0.22123569,-0.07240644,-0.010723254,-1.3216672,0.35501125,-1.4392471,-2.0892887,0.73165894,0.3065141,-0.44685698,-1.4589603,-0.091281235,0.20686635,-2.0425434,0.39242983,-0.084464535,3.963907,0.79840755,-0.18607514,-0.586564,-1.7432053,-1.2718999,-1.5228697,-0.06325232,-0.8771247,-2.986957,0.05283172,1.4612451,0.29929256,1.3606309,-1.6370417
0.4709569,0.14836639,1.9870461,-0.720106,-0.1785621,0.7125376,-1.2622833,0.37614566,0.019945584,-0.23713928,-0.31118342,1.3807253,0.3072211,-0.8119532,1.0761157,0.042392947,-0.28031215,1.1128141,1.0060831,-0.36355558,-0.08128335,-0.011099853,3.6263914,-0.7211979,-0.06466923,1.6311494,-0.2466035,-0.020842656,1.0549461,0.35135427,1.0507883,-0.52322346,-2.8764257,-0.59050864,-0.8859888,1.5392675,-0.52101815,-0.25566885,-1.3711414,1.2584107,-1.4652544,0.24056566,-0.9680081,-0.23931904,0.41540846,-1.2976563,-1.6999758,0.8563299,0.5037331,1.2289304,-0.75589335,0.69672465,-0.42900515,0.41894227,-0.81339085,1.148787,-1.0697541,-0.22220366,0.20278437,1.4425805,1.5920892,-0.4063056,1.1914567,0.79345846,1.657068,1.5209004,-0.16191697,0.75678325,0.51241505,-0.36865833,-0.1386481,2.110465,0.8669139,-1.743264,-0.88296235,-0.48257113,-0.6904808,-0.67663956,-1.1783289,-0.24994525,0.44917187,-0.52879035,-0.614774,-1.2644873,0.15768684,0.3897664,-1.7013084,0.45272958,0.34244362,0.20929007,-0.5098838,2.848042,-0.2980013,-0.8610857,-0.24311678,0.11193534,-0.957165,-0.5794271,0.11986699,0.5038551,-1.4506928,0.4859168,-1.4206145,-1.6179559,1.2945983,0.27363393,0.22813612,-1.4178898,-0.44643435,0.6456085,-2.3446898,0.9465275,0.25080055,4.2422214,0.33845368,0.39590782,-0.80580485,-1.7070055,-1.6017863,-1.348699,0.50515944,-0.023109235,-3.1130385,-0.7728064,1.5596445,0.20872378,1.1556538,-1.8809917
0.32586244,-0.46003556,1.1771518,-0.052927844,0.08910118,1.0243621,-1.4809935,-0.030781405,0.13581651,0.05610676,-0.17918852,1.0434618,0.25969118,-1.0696025,0.6246927,0.082773656,0.00949039,0.80020666,1.3479978,-1.0359043,-1.32654,0.07135028,4.231648,-0.8981364,0.07821498,1.8719397,-0.40295467,0.001608428,1.3207866,0.8771403,1.1895556,-0.13547704,-2.4716244,-0.5827531,-0.22375986,1.4600697,-0.8369292,-0.53781503,-1.1107409,1.1989994,-1.6678011,0.9267143,-1.5483944,-0.3481461,-0.4236998,-1.4710947,-1.2159356,0.39150628,-0.13242413,0.24458417,-1.155907,1.5363103,-0.7999494,0.59671026,-1.0206587,0.2600468,-0.8985074,-0.4354691,0.43745533,1.5007713,2.1223118,-0.48478207,1.4990145,0.3585576,2.1954567,0.987418,-0.2599642,1.0261533,0.36080137,0.2722795,0.3626426,2.876764,0.71972746,-1.0354398,-1.445878,-0.86806905,-0.45585218,-0.36560923,-0.5805153,-0.45636263,0.48172405,-0.9115955,-0.68591446,-0.45291463,0.5742837,-0.11571241,-1.4883794,0.24820398,0.29567838,-0.016023012,-0.8221762,2.2685273,-0.12672432,-0.4716728,-0.8222265,0.5102067,-1.243693,-0.11551684,0.17881964,0.53665954,-1.0219113,0.40366575,-0.6262756,-1.5933118,0.47236323,0.32455653,-0.22459829,-1.2885771,-0.4175319,0.263172,-1.6310333,0.38353825,0.26708034,3.935796,0.3169382,-0.07870852,-0.5238344,-1.8805317,-1.3414228,-1.2906399,0.715424,0.33769616,-3.323387,-0.6301734,1.9170494,0.581408,1.5921068,-1.4474629
0.19962445,0.229376,1.5191562,-0.12892213,0.17928618,0.9507897,-1.533751,0.36522555,0.2988877,-0.43677145,0.05661695,1.7357227,0.44940555,-1.1883031,1.1169211,0.32230687,-0.7040067,0.9145898,0.5925573,-0.5687748,-0.5885439,0.14647089,3.3681002,-0.47065338,0.06101338,1.341611,0.0434414,-0.09481209,0.72997886,0.75419927,0.78538746,-0.47006777,-2.8865776,-0.63850725,-0.2683159,1.9810343,-0.5680517,-0.09113915,-0.39035973,1.1706524,-1.8620809,1.020697,-1.2663318,-0.55910987,-0.498431,-0.99435514,-1.497118,0.1655391,0.437747,0.6047289,-0.85314673,0.6866784,-0.5678919,0.5440467,-0.92991585,1.0222687,-1.4146583,-0.5515006,0.33427283,1.3915858,1.7580466,-0.4242465,1.4294928,0.23520152,2.05662,1.2071576,-0.054835163,0.77196217,1.0585728,-0.38830248,0.21200511,2.4294739,0.90380543,-1.1667116,-0.6269837,-0.8844246,-0.07893021,-0.94458884,-0.83989674,-0.69182885,0.71558684,-0.7079073,-0.6795229,-1.0096209,1.0020813,0.3185839,-1.8036376,0.008324441,0.41539326,0.058080267,-0.9857616,2.9355195,0.0046455865,-0.59190136,0.03737354,0.27155632,-0.96246,0.14071839,0.001136204,0.32331714,-1.2473065,0.37419778,-1.429101,-1.8258679,0.6772123,0.3350186,-0.37701383,-1.5430341,-0.0822337,0.5163318,-2.0002596,0.19995019,0.1146351,4.408527,0.7922038,0.039262265,-0.5343239,-1.4025167,-1.4826862,-1.3458716,-0.17426358,-0.47890767,-3.5658941,-0.15102908,1.3650345,0.3063866,1.4658043,-1.8382984
0.17924829,0.5675356,1.7825253,-0.11421982,0.0884901,1.1597973,-1.8893596,0.64188504,0.2883058,-0.41665813,0.3552891,1.580099,0.32575688,-0.92304987,1.5140353,0.092997536,-0.77414113,0.77610403,0.3932981,-0.7943113,-0.042853516,-0.18266924,3.4619431,-0.35874742,-0.6108197,1.3471916,0.11296564,0.09124162,0.6864085,1.0238303,1.0486531,-1.1184655,-3.6311345,-0.90001845,-0.74390763,1.3202282,-0.38945693,-0.11352008,-0.5932463,1.2512604,-2.0365562,1.1405902,-0.61737305,-0.20062286,-0.4523722,-1.0367879,-1.2992836,0.4394935,0.71370214,0.7634291,-1.1314533,0.6591074,-0.56584024,0.40931123,-1.0121864,0.5873546,-0.89883214,-0.2974908,0.54587,1.2251375,1.470327,-0.760182,1.3679006,0.18049519,1.6457784,1.4779061,-0.0063896123,1.2990268,0.87494516,0.015760805,0.5766967,2.5556865,0.89675456,-1.5526978,-1.1254029,-0.41581157,-0.37654328,-0.57621384,-1.4517013,-0.9948693,0.8207872,-0.44649112,-0.41599607,-0.6616896,1.3142674,-0.09099204,-1.4309688,0.21924505,0.59592295,0.12901028,-0.7501656,3.0069728,-0.5321223,-0.2904759,-0.18388231,0.48012954,-1.0564224,-0.5015606,-0.13920954,0.12013034,-1.2456273,0.2814498,-1.2265481,-1.7771962,0.68376505,0.4569082,-0.520752,-1.4436865,0.018899737,0.22340475,-1.790596,0.5287764,-0.059156295,4.2485085,0.93962294,-0.26381448,-0.61149055,-1.3940419,-1.2034501,-1.7634549,-0.17735562,-0.8615365,-2.7354448,0.28362948,0.8370929,0.09331034,1.4474796,-2.0074694
-0.11801214,0.45099452,2.1271346,-0.71193516,0.19151188,1.484349,-1.4590311,0.43863606,0.5795691,-0.32082862,0.35201016,1.2848339,0.29448637,-1.3068857,1.1303093,0.23198391,-0.6601485,0.98969454,0.9367755,-0.66433644,-0.42985252,0.07675563,3.808319,-0.66372633,-0.29323956,1.5899172,-0.12562408,-0.14026447,0.5981277,0.80728465,0.8474835,-0.71236414,-2.9576836,-0.6438709,-0.35718146,1.8147393,-0.26009637,0.18222934,-0.79592013,1.2801421,-1.7878598,0.7930026,-0.9428706,-0.54878044,-0.4256247,-1.4518471,-1.5106856,0.5689832,0.2767568,0.68598163,-1.1114435,0.6648111,-0.6832667,0.4650792,-0.89371777,0.85628545,-1.2516707,-0.73785037,0.41381568,1.3327824,1.7769016,-0.56028247,1.5934509,0.44327652,1.9709256,1.3688926,-0.08211243,1.1671231,0.671005,-0.36445585,0.19673246,2.0373437,1.0181998,-1.1721191,-0.80000836,-0.84804374,-0.4592516,-0.84176457,-1.0052372,-0.52130115,0.53210217,-0.39029303,-0.35505003,-1.0464492,0.6291957,0.049296405,-1.6684281,-0.19479525,-0.036691,-0.22385488,-0.7860691,2.764244,-0.002929057,-0.52069175,-0.39379165,0.3682017,-1.1781846,-0.08033356,-0.054273967,0.12298073,-1.1106627,0.45352116,-1.1888582,-1.7463019,0.90605706,0.17053628,-0.39182395,-1.4137578,0.006244806,0.48710635,-1.2603827,0.44737998,-0.055523694,4.3358674,0.8933532,0.19239102,-0.10296266,-1.263819,-1.5844039,-1.7399251,-0.38597685,-0.21886802,-3.244766,-0.17197599,1.3335546,0.09275653,1.4293518,-1.669598
0.18919699,0.4201651,2.0541997,-0.28256842,0.1732425,1.469847,-1.6679881,0.5133214,-0.08128416,-0.022991719,0.18456227,1.4598647,0.46125612,-0.9925225,1.3733281,0.12852478,-0.725065,0.91554254,0.51443225,-0.7718543,-0.4512785,0.44131207,3.1292489,-0.4838517,-0.33214575,1.379905,-0.09107818,-0.17991063,0.7566697,0.8957306,1.0226827,-1.0141394,-3.3299317,-0.99043256,-0.7619456,1.636078,-0.21537136,0.0015707671,-0.6145663,1.1942503,-1.8481984,1.118226,-1.1978868,-0.23505425,-0.24403653,-0.9729492,-1.6551263,0.22639257,0.7561521,0.79121727,-1.044014,0.905831,-0.72333574,0.4100224,-0.8229556,0.38907373,-1.1896802,-0.6346932,0.4881477,1.326348,1.9423027,-0.50999683,1.4421394,0.16084397,2.0230885,1.7124728,0.08564103,1.2881753,0.71412617,-0.20480612,0.27610332,2.3637214,0.9592158,-1.3543158,-0.7774266,-0.8744,-0.35318482,-0.7321357,-1.1789651,-0.78671837,0.42357323,-0.3582547,-0.66723555,-0.64773905,1.0299901,-0.22402821,-1.7424505,-0.11314919,0.23454112,-0.040079482,-0.52137184,2.802822,-0.3886462,-0.7575509,-0.4014223,0.5159241,-0.880225,-0.08087512,0.17915215,0.13329515,-1.2429743,0.33982098,-0.87858397,-1.7101922,0.9792623,0.25338563,-0.739942,-1.2783653,-0.28885162,0.14724557,-1.8155293,0.30928066,0.13725923,4.208497,0.84998655,0.10249092,-0.2759689,-1.6957667,-1.4091729,-1.7995939,-0.056094795,-0.6526436,-3.1342587,0.34925833,1.2203802,0.10319607,1.2384434,-1.6352053
0.34224448,-0.0013633603,1.4602586,0.08919347,-0.24176833,0.68051326,-1.9090703,0.87427133,0.31872424,-0.7350155,-0.2723571,1.6549981,-0.028486397,-1.1854216,1.1764466,0.3688035,-0.5065277,1.349753,0.47181433,-0.2506714,-0.38015506,0.03139883,3.4069118,-0.37608695,0.08270204,1.5300205,-0.025060715,0.011351962,0.66423297,0.7979631,0.7258879,-0.4740918,-3.0189357,-0.7860075,-0.28849092,1.5674508,-0.7879057,-0.19303422,-0.76714396,1.1792523,-1.8173044,1.0538656,-0.9101379,-0.49445304,-0.48397118,-1.0046008,-1.0284153,0.56641114,0.5916684,0.8479806,-1.3052168,0.6437863,-0.5584768,0.6719551,-0.5984659,0.7751588,-1.0972614,-0.2488759,0.49192935,1.2573956,1.2431847,-0.42979062,1.4045671,0.19306573,1.7322067,1.3608218,0.0077628824,0.76985097,1.18742,-0.111485,0.5841645,2.790244,0.9202528,-1.3083552,-1.03483,-0.35421568,-0.34077433,-0.46344137,-1.1201283,-1.3182113,0.62902033,-0.48307848,-0.54304916,-1.0235324,0.92370063,-0.29902565,-1.766841,0.3704025,0.7742534,-0.08147238,-0.7882385,3.0440705,-0.75213265,-0.65791506,0.27812865,0.2711035,-0.65597314,-0.6403465,-0.407741,0.54499567,-1.3923167,-0.04846831,-1.0682158,-1.9098898,0.6385062,0.4781087,-0.24905942,-1.3017097,-0.13339262,0.559783,-2.3218334,0.8452217,0.12280879,4.375465,0.7546199,-0.097532436,-0.75417507,-1.8467593,-1.1009306,-1.1442088,-0.025307167,-0.6875624,-3.1990442,-0.1640053,1.1909842,0.46959868,1.4563252,-1.7121322
0.32581857,0.38412824,1.8037192,-0.1924826,0.4201159,1.3005048,-1.5660923,0.5660969,0.57039756,-0.5653233,0.12604123,1.2514559,0.8297899,-1.4019536,1.3439729,0.38099656,-0.5884943,0.777205,0.42584097,-0.61702085,-0.6996439,0.2945765,3.4821997,-0.05594033,-0.17142291,1.4312344,0.5104555,-0.19416864,0.5518634,0.89412796,0.97678614,-0.92084265,-2.976965,-0.6613008,-0.25193468,1.7087866,-0.9138447,0.07308345,-0.23245777,1.1218597,-1.6536583,0.9460277,-0.9344616,-0.54576206,-0.5419024,-1.2002736,-1.4517782,0.2670328,0.8133601,0.7861976,-1.0033084,0.723024,-1.061922,0.5476061,-0.9489456,0.6066996,-1.2541107,-0.65241385,0.39437717,1.4908743,1.7962952,-0.40143,1.38131,0.038549103,2.3362582,1.705253,-0.019457918,0.9923495,0.70181966,-0.19674984,0.6615316,2.3248506,0.752285,-1.4165221,-0.8255994,-0.8355235,-0.10201333,-0.52199745,-1.1003404,-0.7981432,0.44767258,-0.5505206,-0.56534445,-0.70626247,1.1879551,-0.06453034,-1.4425259,-0.20397352,0.669943,0.0746893,-0.8150457,2.3292778,-0.27702355,-0.888091,0.31714162,0.10986495,-1.0176426,-0.19787739,-0.38785258,-0.17615758,-1.6615673,0.57666904,-1.2537321,-1.9944425,0.9916712,0.33183298,-0.40435812,-1.7147851,-0.2899101,0.28771418,-1.852996,0.08561309,-0.068542674,4.1882424,0.59612536,-0.17357196,-0.43471083,-1.9100037,-1.2134943,-1.6126595,-0.23560564,-0.67746824,-2.8508291,0.00728975,1.7172475,0.34180152,1.256429,-1.4455104
0.24567308,0.10409112,1.9422697,-0.26434958,0.2078855,1.2924837,-1.315653,0.51041496,0.33740753,-0.08894754,-0.04265845,1.5250108,0.45882496,-1.4611043,1.2248552,0.11885363,-0.26855516,1.1901774,0.6176563,-0.37013194,-0.7289204,0.14421418,3.491314,-0.23638818,-0.29573727,1.6096967,0.10068563,-0.062229242,0.3741102,0.7447156,0.7742062,-0.7608197,-3.1705813,-0.6190528,-0.20258169,1.8667475,-0.3814197,0.033435367,-0.6924236,1.1585344,-1.6555935,1.2668197,-1.2004554,-0.37735492,-0.41726655,-1.5781926,-1.5075759,0.45059672,0.60597026,0.73951304,-1.0831805,1.0631533,-1.0771663,0.4321403,-0.49949488,0.25581217,-1.0071179,-0.613232,0.58171564,1.3710674,1.9827914,-0.39959028,1.3865218,0.19029266,2.0814705,1.494847,0.1354541,1.3694443,0.6107383,-0.3080896,0.57226145,2.5668826,0.7722589,-0.77943987,-1.0098975,-0.933324,-0.28672996,-0.2840931,-1.234002,-0.7567552,0.2477998,-0.6865227,-0.4358533,-0.7087646,0.94515246,-0.5766603,-1.691952,0.041473594,0.1450539,-0.34394327,-0.933222,2.6935096,-0.18467161,-0.49723607,-0.32957724,0.3246406,-0.6282882,-0.32255045,-0.084756,-0.023327915,-1.250074,0.23866352,-0.9268514,-1.8801596,0.78317785,0.33791253,-0.63717186,-1.578973,-0.5026139,0.36645988,-1.9703935,0.45193967,0.10941582,3.9818895,0.52942306,-0.065663725,-0.2902879,-1.6888123,-1.4625802,-1.74626,-0.2647268,-0.25470987,-3.2588775,-0.14830366,1.599109,0.27974254,1.5084305,-1.4949733
0.4396155,-0.109352544,1.7506427,0.10832993,-0.11594652,0.39728406,-1.4333988,0.911165,0.07697887,-0.4540184,-0.16967502,1.5802969,0.49208963,-0.8256884,1.0968329,0.12090105,-0.59337014,0.722398,0.5667476,-0.15217955,-0.514951,-0.0062416676,3.286247,-0.22683257,0.22829308,1.7521249,-0.4249442,0.14317647,0.8220098,0.36108378,0.50825727,-0.26852688,-3.3680959,-0.16847049,-0.2386777,1.9212729,-0.9750942,-0.21634512,-0.38411582,1.5487263,-1.6893141,0.2730222,-1.2083833,-0.48785698,-0.124628924,-1.4120471,-1.35401,0.49811566,0.28551254,0.7396471,-0.52836174,0.18543024,0.0017658923,0.65274954,-0.6444903,1.6827558,-1.2385738,-0.08325374,0.39461932,0.9123586,2.0007467,-0.28986415,1.0402635,0.44481665,1.7399595,1.3694384,-0.2995087,0.9743673,1.3313997,0.08933287,-0.029236332,2.0329218,0.60720897,-1.4793402,-1.0820727,-0.57882106,0.07542836,-0.7776211,-1.443991,-1.2940784,0.4994853,-0.17100064,-0.8867093,-1.4334795,0.7038315,0.37648,-1.7707568,0.2650731,0.55220324,0.5779067,-0.78226674,3.3763058,-0.3114028,-0.2276953,0.17610563,0.09748512,-0.8923246,0.02965944,-0.48007703,0.26142615,-1.5834743,0.23819458,-1.5232006,-2.0261407,0.71310705,-0.10314396,0.28256294,-1.6392386,-0.11095064,0.48311603,-1.3762988,0.59783834,0.37706023,4.431288,0.38386062,-0.19689374,-1.1118459,-1.8228314,-1.2996966,-1.3488857,0.01020161,-0.5398054,-2.9001086,-0.72677195,1.4372555,0.4730462,1.3546534,-1.5849472
0.1175313,0.42032075,1.6884061,-0.13886629,0.481726,1.0156313,-1.5852482,0.22276469,0.20448336,-0.20858218,0.3363548,1.157209,0.47887966,-1.4789639,1.3988085,0.14625046,-0.60063326,0.75729084,0.6041511,-0.9142041,-0.60636145,0.10773883,3.1836994,-0.23781683,-0.5806908,1.7724572,-0.11526474,0.22567645,0.40474826,0.799302,1.2417749,-1.0870119,-3.048619,-0.8735535,0.052058183,1.7890995,-0.52483517,0.14796323,-0.38460565,1.1729584,-1.6236949,1.0176781,-0.9870248,-0.18583536,-0.54112506,-1.0942261,-1.7609569,0.34448364,0.55971336,0.49072385,-0.70555127,0.6781893,-0.477434,0.48038208,-1.2050769,0.51546854,-0.71287185,-0.4993416,0.33268097,1.626006,2.165903,-0.45009112,1.4008902,0.17545962,2.0854304,1.6288003,0.0009609482,1.5440681,0.6144028,-0.19683819,0.20663393,2.1979914,0.9192092,-1.3427364,-0.98861694,-0.57346797,-0.32207346,-0.33883643,-1.2221885,-0.7172868,0.48757878,-0.6556235,-0.35022363,-0.70235395,1.4673365,0.19574115,-1.6702578,0.31166738,0.41164786,0.065443866,-1.0529138,2.405312,-0.022897663,-0.68414485,-0.039416842,0.1902804,-1.3650312,0.25695506,-0.12955706,-0.01752313,-1.2036587,0.3129882,-1.0422212,-2.1654499,0.7300874,0.48775923,-0.5106913,-1.648934,-0.41432643,0.1752951,-1.562474,0.44715953,-0.0073290817,4.2139344,0.6984013,-0.20347464,-0.14300597,-1.753402,-1.2978648,-1.9062133,-0.42573714,-0.55563116,-3.050868,0.045593712,1.6670693,0.16033499,1.1269121,-1.8565353
-0.021299973,0.070211835,1.7073419,-0.45708057,0.1733299,1.4196007,-1.4596651,0.568313,0.4351372,0.2607629,-0.03891158,1.1908785,0.3218582,-1.198863,1.147122,0.1765375,-0.18939404,1.078196,0.6140156,-0.9074772,-0.5389354,0.030223465,3.9416463,-0.56962025,-0.080871895,1.4084837,-0.39760286,-0.33725467,0.44726446,0.6419757,0.38817307,-0.28800005,-2.5653424,-0.34988394,-0.09345242,2.1367538,-0.3893038,0.089810774,-0.8773722,1.333563,-1.6112016,1.0031965,-1.2984827,-0.38132417,-0.2990546,-1.5564382,-1.3837876,0.34761465,0.4015787,0.55623925,-0.91245276,1.0166806,-0.9707707,0.4931804,-0.7805172,0.7459024,-1.3904325,-0.6556489,0.1225955,1.4625311,2.237957,-0.16397321,1.5165993,0.20584698,2.0414875,1.374485,0.035860725,1.2438501,0.6863268,-0.41664994,0.23974834,1.9494401,1.3904397,-1.1521053,-1.2639058,-0.8103083,-0.56512713,-0.91837263,-1.1711642,-0.27593958,0.3825582,-0.32698143,-0.57370347,-1.0987246,0.56664604,0.16712397,-1.5564321,-0.23301111,-0.21467859,-0.13067293,-0.8863447,2.3095555,0.12571657,-0.5693199,-0.48781213,0.4700921,-1.0779549,-0.030370476,-0.11851535,0.30741742,-0.79434377,0.23090927,-1.1361368,-1.730336,0.48042455,0.33983347,-0.09231323,-1.7309881,-0.28726315,0.38888255,-1.5435784,0.4659755,0.14699933,4.52206,0.57377493,0.031462256,-0.026901938,-1.6525313,-1.5835706,-0.80780095,0.049125876,-0.27458224,-3.3877218,-0.60541826,1.1476741,-0.06308377,1.9304154,-1.4112858
0.034348547,0.21338327,1.4228431,-0.24619558,0.33745885,0.7579828,-1.5294081,0.51804537,0.78700966,-0.5416609,0.0837531,1.6307038,0.5411013,-1.212774,1.3545156,0.37635583,-0.5420987,1.0183591,0.9232479,-0.58059394,-0.8197098,0.12652135,3.4166603,-0.07932413,-0.4020664,1.255185,0.18573745,-0.16491717,0.502867,0.670057,0.89889854,-0.7452513,-2.9600043,-0.7976028,0.04683325,1.7128676,-0.49771926,0.20884472,-0.565714,1.0104477,-1.9267704,0.9436388,-0.8831162,-0.41161653,-0.69503194,-0.91298425,-1.4400141,0.5150348,0.48714432,0.58864033,-1.0505377,0.73297197,-0.8393979,0.5052351,-0.8758979,0.6988154,-1.3037064,-0.448804,0.27773798,1.313251,1.7832855,-0.62988204,1.4331652,0.44386798,2.1540082,1.1744092,0.030072972,1.1683141,0.9647597,-0.32148206,0.16663583,2.307484,1.0673581,-1.0251259,-0.8290696,-0.67561877,-0.27203074,-0.8812248,-1.0189872,-0.5609687,0.54724824,-0.51569027,-0.43788937,-0.86629355,1.3255929,0.40370366,-1.7611152,-0.11214396,0.39164189,0.010466622,-1.0934465,2.8683064,-0.080082424,-0.6668001,0.09942224,0.1575233,-1.0405564,0.095116094,0.098627925,0.18783025,-1.3262569,0.36296016,-1.1429708,-1.9761037,0.71889436,0.71686363,-0.35825607,-1.7417703,-0.15766758,0.3381053,-2.2676394,0.30141923,0.22096105,4.127013,0.70227474,-0.01848304,-0.17716178,-1.5132133,-1.6579149,-1.3221023,-0.42529416,-0.76831543,-3.3060122,-0.28817356,1.4271622,0.21423198,1.5552989,-1.9279202
0.08082449,0.46311247,1.9572543,-0.2514141,0.19047709,1.1226166,-1.435366,0.5081027,0.027078288,-0.4676004,0.47820538,1.3498347,0.3726603,-1.201437,1.3508022,0.12162432,-0.819006,0.675287,0.8062691,-0.8802801,-0.8183521,0.2852631,3.1689475,-0.18803687,-0.35738736,1.4432414,-0.19038631,-0.0075164232,0.49147752,0.7383944,0.84235495,-0.8356057,-3.1539683,-0.8683968,-0.24273424,1.9344037,-0.1971247,0.1169555,-0.29245675,1.2621455,-1.7059164,0.8607224,-1.201985,-0.06577668,-0.4638925,-1.282539,-1.8172541,0.34574467,0.6688419,0.38767165,-0.6695807,0.55132276,-0.38966805,0.71263164,-1.1627716,0.99753714,-0.7508656,-0.5254259,0.0937466,1.4707745,1.9982668,-0.2494538,1.7166728,0.1993949,1.8818226,1.6644229,0.10958273,1.1506654,0.63974714,0.0510658,-0.101235546,2.213632,1.0592519,-1.3203111,-1.4161291,-0.77749306,-0.5877081,-0.533085,-1.1262689,-0.7563014,0.89404833,-0.46134585,-0.64387745,-1.3302944,1.2052857,0.20107932,-1.4047722,0.18204993,0.23702952,0.054806642,-0.8263709,2.2282562,-0.13129726,-0.7477826,-0.006275485,0.41587254,-1.4621164,0.011640658,-0.13771729,0.24308346,-1.2007742,0.38220647,-1.1317655,-1.7686152,0.95396805,0.0006072214,-0.59108263,-1.7803255,-0.23676518,0.056724824,-1.6504297,0.3903794,0.03322036,4.522126,0.9699888,-0.07933293,-0.24741215,-1.6208619,-1.3151741,-1.2953572,-0.3051329,-0.37504467,-3.088341,-0.13462509,1.2048916,0.25525606,1.4769027,-1.620364
0.018889789,-0.03281959,1.4021184,0.31535056,-0.09642552,1.0033264,-1.7397857,-0.25751144,0.34802738,-0.2797293,0.637417,1.001571,0.6891268,-1.2897604,1.0241135,-0.07824823,-0.1353194,0.87895733,0.7660187,-0.9300748,-1.049412,-0.6005673,3.5728,-0.40218621,-0.38408002,2.028696,-0.23594232,-0.08528329,0.8982788,1.1206154,1.2454123,-0.19167556,-2.4100623,-0.95729077,-0.4652009,1.7109444,-0.6310458,0.26876146,-0.05570558,0.9161042,-1.3539722,1.0742214,-1.5547162,0.37259385,-0.52613425,-1.2277534,-1.110872,0.30408818,0.078628495,0.328248,-1.0475357,0.38908336,-1.0203719,0.4967411,-1.0235788,-0.17355473,-0.8733717,-0.3701576,0.43786943,1.2896957,2.2326255,-0.4191313,1.869026,-0.16989724,1.9091606,1.270449,-0.4258815,1.7354579,1.6160332,0.25988063,0.1120647,2.87003,0.62892675,-0.8608315,-0.81775403,-1.3114653,0.3932791,-0.99592423,-0.832893,-1.2423263,0.7356282,-1.1893483,-0.903738,0.11448993,1.3402896,-0.07898846,-1.5958803,0.38573238,0.72537977,0.35213473,-0.582294,2.0777383,0.013915796,-0.600235,-0.44867942,0.3972087,-1.1338446,0.26284093,-0.54665715,-0.4497384,-1.294811,0.33924386,-0.9855754,-1.4466307,1.1937777,-0.29639235,-0.39879498,-1.5946332,-0.50394994,0.30209696,-1.7640423,0.8482278,-0.28413606,3.821761,0.6011295,0.58490235,-1.1102451,-1.7204309,-1.5006018,-1.6301292,0.044877302,-0.075119995,-2.9059215,-0.033396717,1.9229072,0.025385296,0.8609729,-1.7123218
0.18241689,0.018874535,0.8775087,0.3067868,0.010812443,0.2923322,-1.8271667,0.7393252,0.9878918,-0.73971325,0.34960073,1.2326924,0.32174253,-1.3403084,1.8099161,0.5851656,-0.286128,0.9955935,0.53584063,-0.85914695,-0.9945407,0.151934,3.4860315,-0.19392066,-0.13393368,1.6610432,0.2798175,0.07627876,0.88047874,0.782029,1.0873165,-1.0409836,-2.1373363,-0.62605375,-0.15920292,1.5015682,-1.0778999,-0.2429716,-0.9615861,1.421974,-1.7656971,0.22640662,-0.8377718,-0.12570524,-0.9266251,-0.64863175,-1.192636,0.54891676,0.605275,0.950816,-0.81087404,0.4495709,-0.6381229,0.25040117,-0.52018404,1.1277692,-1.3025708,-0.32321158,0.6272295,1.3681209,1.9482945,-0.43406302,1.3188791,0.16607203,1.910696,1.689331,-0.03156618,1.0677558,0.6763067,-0.86674505,0.8233238,2.405874,0.8551597,-1.6328416,-0.8908435,-0.8257344,-0.006563713,-1.4901069,-1.146899,-0.96202636,0.39936227,-0.78813833,-0.31485048,-0.8049725,1.2057401,-0.011262206,-1.2646335,0.08889023,0.43359166,0.0619609,-0.8552373,2.9746284,-0.7307595,-0.65386266,0.35978013,0.5099182,-0.9636281,-0.16681175,-0.103152536,0.22351082,-1.2547028,-0.18346362,-1.4510754,-2.2277465,0.6452925,-0.021935888,-0.36346784,-1.408987,0.060746837,0.49729994,-1.889401,0.51519734,0.0023984218,3.8209236,0.4876944,-0.024925165,-0.39492148,-1.7173878,-1.0271621,-1.0740789,0.122465245,-0.6765491,-3.3125656,0.034895856,1.7005631,0.34225023,1.4807562,-1.8298528
0.37722138,1.063941,1.6419933,0.26164645,0.35999256,0.34811974,-1.4493299,0.89981854,0.6436627,-1.0418662,0.1781653,1.1116511,0.17000875,-0.9759883,1.1902393,0.29737207,-0.33106872,0.8701621,0.41042998,-0.35057336,-0.69434124,-0.41615406,3.3312907,0.10740361,-0.5705841,1.8580761,0.47363716,0.5740675,0.79281706,0.93416137,1.0526748,-0.7561882,-3.3377204,-0.5688336,-0.37686184,1.605186,-1.1806921,-0.28493097,-0.84484124,0.8277997,-1.1490065,0.8481161,-0.5807583,0.12233045,-0.36801592,-1.3735148,-0.92251265,1.2549497,0.6331141,0.15111092,-0.881576,0.6977544,-0.2720458,0.44833785,-1.2347212,0.17411733,-0.7619593,-0.25481513,0.647216,1.1960484,1.3986133,-1.0579467,1.1308922,-0.0004581926,2.1622357,1.5763491,-0.10319509,1.2587223,1.3305236,0.35696664,0.17835446,2.4260914,0.6272058,-1.5874616,-1.5398107,-0.32097605,-0.28465894,-0.31345174,-2.008889,-0.99501735,0.5841732,-0.7890473,-0.21656416,-0.54536027,1.6256915,-0.27449912,-1.4473383,0.5276498,0.5104986,-0.13890481,-1.132519,2.6633208,-0.967201,-0.95219445,0.18162878,0.07619104,-1.1445713,0.16704553,-0.6165288,-0.0269769,-1.4545883,0.2861197,-1.255036,-2.0464907,0.4131371,-0.01122888,-0.5415521,-1.8754696,0.20404485,0.6037564,-2.2042186,0.6366758,0.2577302,4.0939193,0.36523792,-0.37597266,-0.5972796,-1.4440293,-1.3601168,-0.9856917,0.014322331,-0.87216026,-2.356727,0.297303,1.7727526,0.27807862,1.1037495,-2.0128798
0.04648059,0.39155766,1.4893688,-0.35818052,0.23830892,0.96438605,-1.4800944,0.45690486,0.5510856,-0.6171532,0.45127505,1.104685,0.13813858,-1.5229958,1.5644147,0.4019046,-0.7184051,1.172505,0.7701756,-0.91982865,-0.74416846,-0.32078764,3.3205779,0.027226424,-0.71226615,1.5956415,0.009386318,-0.09449869,0.42443293,0.9502518,1.0529991,-0.94058245,-3.1360028,-0.77502155,-0.038965903,1.4935623,-0.5462515,0.07705857,-0.2777866,1.0444615,-1.682163,1.0929735,-0.6627523,0.03531894,-0.3706329,-1.0158201,-1.6480858,0.9287357,0.7014182,0.5853464,-1.0793508,0.3267844,-0.7695926,0.69996816,-1.2710894,0.44371554,-1.055759,-0.42741704,0.12090503,1.6217563,2.3097532,-0.52700734,1.6058066,0.16236109,2.0888216,1.6608156,-0.26381314,1.2854924,0.67095184,0.13262784,0.28759483,2.0149295,0.81958157,-1.1208915,-1.2259458,-0.47820538,-0.2819109,-0.70856816,-1.3528503,-1.10368,0.53028756,-0.65274554,-0.23246722,-0.645794,1.2853954,0.18892358,-1.5358684,0.21334791,0.72506535,0.051112533,-1.0936666,2.4352953,-0.1406356,-1.1296033,-0.036755674,0.20476995,-1.1453522,-0.33538362,-0.36654535,0.011833174,-1.4879597,0.5544252,-0.9723156,-1.9439431,1.0661523,0.25909296,-0.49941304,-1.8512037,-0.14827439,0.49836147,-1.686036,0.5216636,0.11434456,4.315992,0.8092562,-0.17315131,-0.4931591,-1.6979022,-1.1438876,-1.5584857,-0.25480983,-0.5686467,-2.742649,-0.2281419,1.3822792,0.56671894,1.1842682,-1.3888346
0.07874715,0.42821494,1.8567532,-0.06022767,0.079888195,0.83392715,-1.8486829,0.86565715,0.21376896,-0.7299329,0.3073955,1.4977813,0.16179001,-1.1339772,1.3889147,0.10981929,-0.87430125,0.7774233,0.72978944,-0.6422592,-0.5224481,0.24929051,3.0874236,-0.20542884,-0.45603213,1.3661075,0.030785581,0.19071104,0.8698402,0.8939039,1.068656,-1.0076241,-3.647527,-0.9114735,-0.57479334,1.61297,-0.4744633,-0.06781914,-0.652926,1.1845585,-1.8224503,0.65021086,-0.9629183,-0.014022709,-0.5579873,-1.215362,-1.2143747,0.5558927,0.67498803,0.6828633,-0.8163663,0.5326917,-0.20686251,0.45102602,-1.075822,0.77745235,-1.0518034,-0.38189343,0.32557818,1.20199,1.6353438,-0.51942116,1.5017959,0.16534974,1.8131883,1.5918969,0.16732186,1.2269635,1.0193869,0.075396985,0.24132246,2.1866398,0.63745165,-1.6014892,-1.2614911,-0.9024427,-0.5479984,-0.975642,-1.3784125,-1.1630056,0.63640696,-0.3411269,-0.6367279,-0.8256468,1.1752673,-9.193983e-05,-1.4548283,0.27480683,0.7736193,0.060883366,-0.7830324,3.1228955,-0.43561032,-0.25995806,-0.020001875,0.50571483,-0.8677444,-0.060037218,-0.09786943,0.09417683,-1.367386,0.19594042,-1.2178497,-1.9610689,1.002388,0.3075224,-0.40699834,-1.4005632,0.009906945,0.47598904,-1.3481426,0.4663339,0.08867108,4.3902755,0.99892324,-0.047588676,-0.34765074,-1.5182494,-1.3738688,-1.2427177,-0.1956436,-1.0042435,-2.7694511,-0.08047255,1.1759359,0.33510414,1.289637,-1.8559643
0.28189108,0.48121896,1.5754569,-0.18096471,0.3827649,0.984164,-1.756282,0.4949004,0.5201431,-0.40301293,0.07767507,1.2869415,0.4279091,-1.3650517,1.4138988,0.40782154,-0.6574004,1.0417256,0.5181782,-0.58560044,-0.767112,-0.09945031,3.351504,-0.29360968,-0.43367404,1.6141492,0.05195564,0.18501392,0.4557836,1.0054193,0.92026365,-0.9909589,-3.1969872,-0.94056004,-0.12548335,1.6096709,-0.7855161,0.048757628,-0.21624517,1.0795877,-1.7692096,0.9348055,-0.8974157,-0.28058934,-0.6660602,-1.1255511,-1.402078,0.47645086,0.6069759,0.6721075,-1.0828519,0.6915893,-0.6205352,0.60134584,-0.88526857,0.5261375,-1.0911621,-0.23598027,0.5139856,1.5542679,1.7067658,-0.5441456,1.7047317,0.09310105,2.1373024,1.4360741,-0.06086166,1.2485304,0.8328086,-0.2065994,0.14439464,2.4605014,0.88044345,-1.352719,-1.0232096,-0.44540414,-0.2809291,-0.42546737,-1.227826,-1.0191532,0.7513654,-0.7639719,-0.6048531,-0.74223757,1.5411994,0.115466006,-1.6532296,0.073207214,0.4270328,0.045837406,-0.9374746,2.5380414,-0.22272553,-0.8079377,0.1421681,0.15933013,-1.2670974,-0.09389899,-0.14971125,-0.08581527,-1.2953721,0.41365626,-1.0599312,-1.997683,0.56839085,0.19905257,-0.54591227,-1.5703307,-0.219624,0.51629233,-1.987796,0.6210021,0.21784285,3.9371831,0.6613277,-0.26485652,-0.5425584,-1.5091631,-1.1956962,-1.6116832,-0.11239644,-0.48185,-3.0233395,0.08217264,1.4758929,0.37119746,1.467765,-1.7936467
-0.3574342,0.39836457,1.9008352,-0.3995116,0.23517345,1.0002425,-1.553655,0.5279122,0.4522813,-0.13019769,0.3802381,0.87644815,0.5333113,-1.0921206,1.4790329,0.1379426,-0.7248386,0.751373,0.52776253,-1.0176758,-0.50578064,0.107228205,3.3252068,-0.2975765,-0.57810915,1.9154885,-0.068759464,-0.032960854,0.5102893,1.0955343,1.0125881,-0.96923965,-3.098289,-0.6319178,-0.09837265,1.7204604,-0.10246887,0.21188965,-0.29079333,1.3033202,-1.5607647,1.1082679,-0.7740455,-0.1293343,-0.18421264,-1.166645,-1.4369371,0.49635616,0.60487217,0.42828462,-0.7954614,0.51493496,-0.68741006,0.50466526,-0.97996247,0.49641594,-0.817694,-0.45989516,0.5878036,1.2611879,2.3251746,-0.5145102,1.5318447,0.3702265,1.8036089,1.6558994,-0.053903952,1.5590146,0.97625065,-0.14080355,0.18831134,2.058636,0.9075397,-1.3481447,-1.1397339,-0.7805729,-0.08200832,-0.9930386,-1.9396509,-1.1335033,0.36660278,-0.5008213,-0.20812778,-0.54507047,1.172649,0.07217571,-1.5605043,-6.802752e-05,0.1024526,0.26955596,-1.1377459,2.6637464,-0.25076628,-0.72404325,-0.2593982,0.28572878,-1.0880097,-0.0249033,-0.4581499,-0.3938282,-1.2863332,0.336421,-1.2956918,-1.9987915,0.8917501,0.08208486,-0.4284207,-1.5249885,-0.10748508,0.3015606,-1.4280121,0.7639706,-0.06742909,4.2459984,0.6493481,0.037081305,-0.21661481,-1.8061395,-1.564453,-1.5207461,-0.4275341,-0.5297582,-3.0050445,-0.111046284,1.4880736,0.20073228,1.1710696,-1.4805999
0.17246956,0.39677608,1.7320229,-0.21561375,0.14464332,1.3292125,-1.8210255,0.8207733,0.45418808,-0.60570014,-0.22919098,1.6454093,0.42526045,-1.2236104,1.1018038,0.21637155,-0.5263674,0.7672359,0.40485877,-0.4272325,-0.651273,0.2137462,3.584293,-0.15600592,-0.17040296,1.2743847,0.17677456,0.041370783,0.8854988,0.86246675,0.87253594,-0.6910194,-3.2740655,-0.57774615,-0.6930238,1.8262285,-0.86270344,-0.27757466,-0.7775959,1.1135752,-1.7599187,0.8950414,-0.93823326,-0.34368485,-0.43775725,-1.1447697,-1.3481346,0.40473253,0.64370644,0.94437575,-1.1516979,1.1008683,-0.6538381,0.3138117,-0.65159434,0.65302145,-1.5452166,-0.43335328,0.56606656,1.3319372,1.6689671,-0.40869534,1.4524149,0.123117,1.9781266,1.4124209,0.13708073,0.8850579,0.61397904,-0.24532197,0.6269461,2.6399171,0.46110454,-1.7358406,-1.230101,-0.7030418,-0.53144383,-0.95494276,-1.1866561,-0.6731304,0.34361222,-0.460217,-0.4145006,-0.860716,0.7120678,-0.30776432,-1.5956223,0.2730324,0.6688478,-0.18489939,-0.66093564,2.9876978,-0.3853748,-0.3274262,0.12164075,0.70320386,-0.29525527,-0.51198596,-0.25625122,0.17086726,-1.3671665,0.3427007,-1.3333783,-1.8528613,0.8977778,0.51468074,-0.16007186,-1.4804224,-0.25357038,0.5001645,-1.7879206,0.23647884,0.17843781,4.0649743,0.66935545,-0.12926011,-0.53971857,-1.4380896,-1.3353158,-1.4313948,-0.015831856,-0.7339819,-2.9076664,0.011103072,0.9718405,0.33042967,1.7476019,-1.6787193
0.15356825,0.38024434,1.8695711,-0.18421237,0.32165146,0.96683085,-1.5898114,0.504225,0.32211885,-0.42505285,0.066872425,1.4881291,0.39673656,-1.390819,1.1829157,0.36437026,-0.3750773,1.1230849,0.5942453,-0.74020886,-0.5227044,0.04993617,3.5169435,-0.18707687,-0.331785,1.5114193,-0.034929674,0.24126193,0.41566908,0.9477499,0.9535656,-0.96150774,-3.2224557,-0.86547196,-0.1658836,1.7806847,-0.6189392,0.16513528,-0.43351778,1.2414453,-1.6457419,1.1771946,-0.939926,-0.18750931,-0.4573303,-1.3090757,-1.6180221,0.4983054,0.49458247,0.75128746,-1.1768345,0.83925897,-0.5885068,0.55391127,-0.7714211,0.40677497,-1.2932525,-0.21985269,0.60528386,1.4668378,1.8745098,-0.62006253,1.4052953,0.076902695,2.130823,1.4688988,-0.057972327,1.2600121,0.49806482,-0.15183358,0.39870533,2.6314268,0.62661976,-1.2059412,-0.9367131,-0.5404322,-0.39688292,-0.49560064,-0.998074,-0.71341443,0.64921814,-0.74498254,-0.3925612,-0.8916456,1.2255064,-0.17513989,-1.5570693,0.12708099,0.19256565,-0.08960378,-0.8293449,2.306542,-0.26267347,-0.6972578,0.07716564,0.2399035,-1.1633378,-0.19939473,-0.34113252,0.13873461,-1.1518183,0.30163455,-1.1353154,-1.9482733,0.6486192,0.29969174,-0.43440267,-1.5436659,-0.16358206,0.29637432,-1.9832697,0.49950427,0.19629796,4.020233,0.65547734,-0.38838807,-0.37788278,-1.5580481,-1.1025426,-1.635264,-0.36667076,-0.41680673,-3.2634296,-0.1660776,1.4232514,0.27255848,1.5906184,-1.8067917
0.42416954,0.3784652,1.819265,-0.310787,0.22575375,0.6843139,-1.8613248,0.56137717,0.1788277,-0.93460476,0.60123974,1.3501184,0.5381997,-0.88976026,1.1436557,0.07025767,-1.0980759,0.7636751,0.8368124,-0.43578893,-0.72038794,0.14293456,3.276898,-0.41136205,-1.0000218,1.5179261,0.3579838,-0.16499035,0.28469145,0.7953014,1.3295177,-0.9937641,-4.0639195,-0.92241395,-0.35785952,1.230719,-0.84806365,-0.012094982,0.18315153,1.5817866,-1.5754197,1.0224867,-1.0783849,-0.024977723,-0.50588393,-1.2052029,-1.7251366,0.70272195,1.0207494,0.55745757,-0.38735092,0.26731157,0.24692784,0.96241623,-1.0479776,0.73341686,-0.8230771,-0.5943464,0.21653654,1.2199106,1.4676279,-0.34023273,1.2774427,0.15097567,1.744444,2.1763823,-0.37520477,1.0712993,1.2764902,0.21180224,-0.110667974,1.7885942,0.9080578,-1.2636446,-1.1775281,-0.5743917,-0.35104662,-1.0524619,-1.5439339,-1.2132316,0.9897993,-0.76950693,-0.52055764,-0.25343987,0.86807644,0.22964536,-1.0690191,0.33792955,0.6389084,0.40915927,-0.6829781,2.9584095,-0.9255029,-1.0004253,-0.1630338,-0.0035796496,-0.86492586,-0.053889092,-0.3683355,-0.26344714,-1.6676731,0.9987571,-1.4855667,-2.1276078,1.1795131,0.022388948,-0.7863628,-1.2454292,0.4453907,0.34910926,-1.4549164,0.33761206,0.09729758,4.0455127,1.0254216,-0.04386812,-0.81403816,-1.1209539,-1.0532135,-1.8368019,-0.07289858,-0.98047274,-2.2177439,0.029342774,1.4640979,0.38070294,0.80849373,-1.4824265
0.014192232,0.3879499,1.8071477,-0.124712415,0.31184858,0.72463536,-1.853281,0.76922244,0.7300957,-0.6574853,0.37208837,1.3176745,0.56770575,-1.1270477,1.3104298,0.23790266,-0.6671154,0.7626439,0.6386927,-0.6162469,-0.76754177,0.16415663,3.323879,-0.27061155,-0.57737017,1.4526136,-0.032256115,0.13841215,0.3548249,0.9054907,0.79804146,-0.76322836,-3.4404185,-0.93354994,-0.10911808,1.8342113,-0.47039017,0.14253983,-0.52364266,1.0426131,-1.7346737,0.883627,-0.82163835,0.12387883,-0.601284,-1.2710481,-1.3467137,0.5485807,0.5289724,0.32634434,-0.9585015,0.51678735,-0.5313711,0.64916867,-1.4259013,0.670742,-0.845125,-0.46495903,0.11714917,1.4374014,1.84002,-0.62449545,1.6237079,0.12713419,1.8770083,1.4036325,0.28343028,1.3119295,1.1037163,-0.020335017,0.07188478,2.1615484,1.0484661,-1.242769,-1.2266066,-0.63120914,-0.59662753,-0.47054023,-1.4891405,-0.8811925,0.8294382,-0.60585773,-0.69554895,-1.035094,1.4500519,0.47928998,-1.3425256,0.16667727,0.489843,0.07422432,-1.1253226,2.2102325,-0.029420482,-0.40722552,0.2484341,0.22322391,-1.2541993,-0.1375554,-0.19386747,0.16090511,-1.045532,0.40362957,-1.1741308,-1.8891021,0.60376513,0.3211332,-0.2661197,-1.8016496,-0.1332651,0.4892284,-1.9096507,0.31800288,-0.087027475,4.4545083,0.9129607,-0.11766506,-0.2053205,-1.5326355,-1.3923345,-0.8164623,-0.38876832,-0.7305848,-3.0519567,-0.1555275,1.1697757,0.2795133,1.4688368,-1.8156189
0.18616833,0.33475193,1.5666188,-0.48280898,0.49400008,1.0008453,-1.9854193,0.19166932,0.54590327,-0.82652897,0.16803959,1.2701527,0.52559733,-1.6380503,1.3201404,0.603565,-0.6651301,1.1366479,0.7985068,-1.0008413,-0.34179902,0.037779164,3.4412363,-0.27562138,-0.75232595,1.5401597,0.16141424,-0.03779017,0.4207712,0.951373,1.5459595,-1.0462787,-2.86297,-1.0415686,-0.060017303,1.0508136,-0.62303627,0.34091747,-0.4152088,1.2815825,-1.7510564,1.0117824,-0.56231564,-0.29517108,-0.50753504,-0.40397966,-1.6555448,0.63290364,0.556203,0.7509247,-1.0730685,0.66819763,-0.6514856,0.58974695,-0.8655991,0.46878323,-1.1296262,-0.59963554,0.25907865,1.4960293,1.9504503,-0.66397583,1.6796589,0.19219683,1.9667131,1.7946857,-0.47265816,1.2493608,0.4622282,-0.4846372,0.59475124,2.4264328,1.0843396,-1.018681,-0.5774637,-0.47058403,-0.46486503,-1.0633819,-0.97396713,-0.8573995,0.62562424,-0.78799886,-0.1944319,-0.6175028,1.142102,0.07566898,-1.2911762,-0.320714,0.3919849,-0.10429172,-0.7658167,2.53291,-0.40382314,-0.8828624,-0.024174994,0.2586443,-1.4856178,-0.28955323,-0.02824211,-0.005875321,-1.2569578,0.6051573,-1.0836862,-1.8769912,0.96816725,0.42144826,-0.9169466,-1.4231561,0.02947329,0.20437565,-1.9104213,0.249058,-0.0734228,3.6488452,0.7388184,0.26900873,-0.016305937,-1.256458,-1.0656192,-1.8527917,-0.4071232,-0.8106319,-3.152132,0.08323033,1.595711,0.19348602,1.5646034,-1.7765201
0.68163633,0.03483832,1.7386662,-0.30696985,-0.19345246,0.44510812,-1.744366,0.5618782,0.13973147,-0.74677116,0.18053013,1.4841343,0.24374795,-0.5554557,1.2077882,-0.24707873,-1.0512289,0.45947212,0.96106595,0.1259767,-0.660054,0.3965388,3.0307362,-0.23601705,0.04855042,1.5079286,-0.21056636,-0.055008605,1.2679087,0.31350145,1.0555947,-0.59916276,-3.5987492,-0.39885163,-0.9067487,1.4519836,-0.57786113,-0.5792338,-1.0042094,1.538863,-2.3023002,-0.22238831,-1.3471884,-0.46706456,-0.08446449,-1.1172212,-1.1976067,0.62708026,0.8078626,0.957248,-0.21467201,0.29197213,0.21880148,0.6476298,-0.71039486,1.7036089,-1.3166203,-0.44207886,-0.024686089,0.94347197,1.3719014,-0.37101942,1.14311,0.7563456,1.3650639,1.7116879,-0.120464824,0.71127367,1.3457433,0.17877133,-0.10180479,1.6092483,0.7144346,-1.4442136,-0.82798886,-0.52251136,-0.55189574,-0.8918045,-1.4531325,-0.9824569,0.4694338,0.124828205,-0.99185634,-1.094484,0.49566022,0.33711025,-1.3272262,0.26897788,0.7510315,0.267889,-0.43988216,3.627763,-0.8814086,-0.15155303,-0.26591974,0.31113783,-0.58423275,-0.1425262,0.3612281,0.685959,-1.2863579,0.14744656,-1.5307473,-1.8118482,1.2436688,-0.22346027,-0.04675714,-1.4493285,0.15215634,0.27124965,-1.2555846,0.5755251,0.4494901,4.5531797,0.68207103,0.3741,-1.0898097,-1.7410966,-1.4121332,-1.3002852,0.20148839,-0.9580322,-2.7224286,-0.50338125,1.6482981,0.46233076,0.8040546,-1.724539
0.35087353,-0.08789332,1.686649,-0.2737097,0.030234853,1.0606827,-1.3467271,0.46764886,0.35562354,0.31494895,-0.30532423,1.6630896,0.3191841,-1.117743,0.84255004,0.19440867,-0.012046437,1.388317,0.9663955,-0.74277765,-0.65052754,0.1801006,3.4751623,-0.65085626,0.080209695,1.5137434,-0.08726549,-0.28008667,0.5266963,0.68896914,0.5478164,-0.25226632,-2.7170453,-0.7896512,-0.4402758,2.1492894,-0.29339957,-0.12733833,-1.207835,1.3402737,-1.7697712,0.99563897,-1.378079,-0.66887957,-0.36836794,-1.3427947,-1.2815987,0.33858222,0.4273963,0.6228597,-1.4675382,1.5532713,-1.2039288,0.42485645,-0.6990456,0.3983242,-1.0928802,-0.6272369,0.49462354,1.4642555,2.1206243,-0.40074906,1.4442041,0.17715967,2.121236,1.3083656,0.33261296,1.2317591,0.60659546,-0.34614933,0.31993988,2.1305318,1.0753266,-0.86603236,-0.86335456,-0.9476043,-0.49407852,-0.4210558,-1.0528114,-0.4442779,0.23197684,-0.4079776,-0.67565405,-0.63273895,0.6208455,-0.19261247,-1.9082597,0.22036305,0.03471213,-0.5492805,-0.661045,2.304633,-0.14339398,-0.7172178,-0.5376443,0.24259958,-0.85026497,-0.3763241,0.25763297,0.53132546,-0.8158015,0.2774735,-0.6717952,-1.9680694,0.5325694,0.42842892,-0.21393107,-1.5325377,-0.5789451,0.43743542,-2.186134,0.731565,0.21330126,4.060126,0.33858737,-0.053956613,-0.33086,-1.754787,-1.643973,-1.4114257,0.2720297,0.024338445,-3.4269261,-0.29254967,1.6584634,0.1978999,1.6746832,-1.4699686
0.97026783,0.82767665,1.5596216,0.5441077,-0.052370127,0.007670755,-2.0574238,0.96071076,0.3774862,-2.2039268,0.2687345,0.45156363,0.36247304,-1.0882691,1.3179549,0.3915711,-1.3598269,0.80750054,1.0176743,-0.34185314,-1.2251295,-0.40844598,3.0813508,0.11147033,-1.2034975,0.91685665,0.5246826,0.79807174,0.48681933,0.92291886,1.620155,-0.89457256,-3.4508932,-1.2424449,0.5038585,0.71526533,-1.4170905,0.27821672,0.8141142,0.2736396,-0.78745764,0.76652443,-0.4077413,0.45333025,-0.43373784,-0.91618633,-0.61451966,0.3124698,0.0637611,0.18973458,-0.6044133,-0.31260163,0.04704867,1.1342229,-0.5247264,0.05789528,-0.91351426,0.46402338,0.82770485,0.7162338,0.90099376,-0.8325421,1.0576345,-0.4274316,2.1297178,1.8063126,-0.22226639,1.1212521,1.7605603,0.9374334,-0.6153427,1.2704597,0.12630428,-1.6867781,-1.1443684,-0.78905183,0.31994066,-0.4953059,-1.6051778,-1.1744155,1.2727085,-1.2601976,-0.56134707,-0.080637835,1.8234062,0.7872329,-0.6166025,0.79697233,1.6184692,1.1752414,-0.924835,0.99653226,-0.74977475,-1.1196918,0.8895041,-0.5038187,-1.8301189,-0.0433708,-0.66613907,-0.29720062,-1.6888698,1.1441772,-0.9834457,-1.9944347,1.251646,-0.41655686,-1.0208591,-1.367667,0.12586702,0.8200761,-2.9512954,0.8960251,-0.31580615,2.948288,1.4860871,-0.3190567,-1.1879756,-1.871184,-0.25193417,-1.1988938,-0.44057077,-0.45044023,-1.6808785,0.36827588,1.7545407,0.91557676,0.41719848,-1.3388602
0.16192482,0.47209975,1.8350937,-0.25668287,0.095705554,0.8056361,-1.56298,0.77282345,0.3282746,-0.72512513,0.43437117,1.7931303,0.12464938,-1.1370877,1.4243786,0.38338482,-0.779892,0.8335116,0.57270616,-0.5107937,-0.5984895,0.31159556,3.2870553,-0.4196338,-0.20403756,1.7741755,0.20067969,-0.039525755,0.56269985,0.9859775,0.84703594,-1.0023692,-3.0149138,-0.7810479,-0.1580386,1.6897869,-0.83989525,0.034187514,-0.68943834,1.4013231,-1.8958544,0.7825573,-0.961236,-0.17769808,-0.6842781,-1.276803,-1.6210663,0.7537092,0.61058,0.7803835,-0.7389213,0.7486317,-0.6009005,0.62857515,-0.8608697,0.8173749,-1.0642488,-0.4615584,0.663068,1.309999,1.9732699,-0.63804036,1.2960094,0.43940914,1.8543912,1.4473807,-0.124242336,0.87530535,0.99858963,-0.13499469,0.3453795,2.1089609,0.8812397,-1.3269728,-0.9127163,-0.91158926,-0.4505346,-1.1355118,-1.2373627,-0.8398412,0.66879386,-0.52029544,-0.4347921,-0.844289,0.90741915,0.051505405,-1.3329413,-0.048494533,0.2555109,-0.10485922,-0.7996581,2.7174275,-0.41554582,-0.6849326,0.03761622,0.0012576797,-0.747527,-0.1943675,-0.25576195,-0.031501383,-1.23936,0.07841383,-1.0957841,-2.188689,0.744999,-0.013367645,-0.42629603,-1.201283,-0.07523966,0.5059248,-1.6782856,0.38748008,-0.057112962,4.4189262,0.9755678,-0.3566876,-0.2527471,-1.5459263,-1.3916515,-1.4957345,-0.12326177,-0.54679775,-3.2004843,0.071252,1.6430651,0.45529377,1.311387,-1.7205646
-0.022822369,0.5284508,1.8478302,-0.20091555,0.23858853,1.0880104,-1.6512156,0.67715377,0.037834663,-0.28414428,0.46327743,1.288592,0.47503743,-1.097187,1.495308,-0.04306995,-0.75185186,0.77107203,0.41010168,-0.8150306,-0.5613411,0.3424665,3.2459195,-0.17323765,-0.7770283,1.6054889,-0.1034911,0.04297631,0.51961875,0.81121635,1.0702808,-1.037262,-3.3186238,-0.92082304,-0.5943186,1.5775452,-0.21470693,0.042834133,-0.41280866,1.4752176,-1.6794558,1.0838196,-0.93645144,-0.0658952,-0.35538757,-1.0058478,-1.469824,0.42471752,0.883955,0.6322861,-0.81158274,0.40424636,-0.4408851,0.6043247,-0.91537297,0.37429124,-0.93923116,-0.47434667,0.2704806,1.2127599,2.0533888,-0.67717487,1.5812894,0.2611827,1.7462739,1.6332573,-0.12014796,1.4240746,1.0717658,-0.21374495,-0.019025512,2.1350253,1.0179062,-1.4398283,-1.0141973,-0.7458897,-0.31426316,-0.7437565,-1.6303185,-0.982226,0.8223928,-0.43172514,-0.4452556,-0.5690231,1.3590875,0.08066059,-1.6057324,-0.06503951,0.53063315,0.26335698,-0.76996166,2.9341495,-0.41010043,-0.5278677,-0.2679652,0.27527314,-1.0495712,0.044582408,-0.13448729,-0.047560763,-1.2324964,0.3750053,-1.0949777,-1.9996262,0.9239301,0.02667761,-0.595621,-1.4232178,-0.058556583,0.3243883,-1.9001598,0.48709637,-0.012282217,4.250105,0.8952559,-0.046503868,-0.40024343,-1.5945586,-1.3612323,-1.6493247,-0.27875656,-0.8256808,-3.010721,0.16982189,1.249522,0.04493542,1.2386891,-1.7343382
0.23343797,0.4076395,1.5970235,-0.21637888,0.32098615,0.6259513,-1.880531,0.6214579,0.5084056,-0.88365394,0.38224712,1.5428107,0.20340101,-1.0621858,1.5061634,0.5619685,-0.7077699,1.256397,1.1496618,-0.46987176,-0.48831707,0.0066852947,3.5141373,-0.5937644,-0.66151756,1.123526,0.19746642,-0.010268204,0.7550798,0.8568549,1.3006533,-0.9115494,-3.410672,-1.0813644,-0.31355163,1.4482032,-0.5432943,0.1980743,-0.69807357,1.4963509,-1.371786,0.92732996,-0.49292696,-0.32862663,-0.36741656,-0.9281023,-1.1284698,0.48649523,0.19378346,0.4928907,-1.3667729,0.82971156,-0.40349904,0.62492096,-1.1817203,0.5416715,-1.2901703,-0.48896632,0.4026183,1.1716881,1.4125783,-0.8325733,1.3239799,0.00446307,1.9368068,1.6786268,-0.32887688,0.77453333,1.2774034,-0.2800622,0.21844728,2.1822174,1.2476813,-1.6093453,-0.64747053,-0.50120324,-0.3727383,-1.0577286,-1.3221003,-0.44589916,1.0498708,-0.70106465,-0.2473293,-0.7493199,1.1808285,0.47235948,-1.3206289,0.4151574,0.58571786,0.23537037,-0.9973565,2.7596138,-0.54747117,-1.2032827,0.30499896,0.037095703,-1.1565702,-0.41804293,-0.27235433,0.42080203,-1.0756387,0.5463418,-1.6915857,-1.7501013,0.7503433,0.33178157,-0.492921,-1.526693,0.34924793,0.10444897,-2.1933842,0.43967456,-0.030690696,4.0975447,0.8769747,0.05124672,-0.29428726,-1.481978,-1.0446649,-1.4865941,-0.34475717,-0.9236067,-2.7317114,-0.21757695,1.2516031,0.20188206,1.3126467,-1.9014452
0.06572557,0.5539299,1.5302172,-0.2309206,0.25277242,1.0456369,-1.4710815,0.4337154,0.27269608,-0.6595025,0.1740419,1.1370279,0.28423613,-1.3650498,1.2275076,0.6516359,-0.3426944,0.6544124,0.5161374,-1.0411644,-0.41939586,0.46164727,3.132155,-0.21872704,-0.038727455,1.8964889,0.22319953,0.62476206,0.9297873,0.99286944,1.1230818,-0.88650686,-2.9176638,-0.71797633,-0.45347437,1.405384,-1.1380961,-0.2315004,-0.5817694,0.70198894,-1.974348,0.46520072,-1.0110153,-0.5720693,-0.76079935,-1.1227924,-0.8202962,0.074151,0.45572355,1.0364623,-0.9813702,0.77392733,-0.58953613,0.5460539,-0.6903585,1.2141626,-1.2795014,-0.4913159,0.56507105,2.0546548,1.8099031,-0.7387523,1.517939,-0.0072325743,2.38388,1.5091578,0.14157815,0.8647208,0.52601016,-0.27689096,0.06059725,2.4098287,0.9235966,-1.8215684,-1.3982508,-0.5878421,-0.077768326,-0.5516095,-1.019011,-1.0339105,0.7775662,-0.82320493,-0.26592213,-0.8195875,1.3206149,0.08113433,-1.4060924,0.3447775,0.7224025,-0.4314887,-1.01741,2.404578,-0.4172742,-1.125984,0.2818347,0.19272555,-1.2746378,-0.074164934,-0.20362286,0.26786932,-1.3307655,0.57303375,-1.2464175,-2.0612385,0.6258866,0.5767771,-0.91543347,-1.2923517,-0.3227245,0.79252356,-2.0956166,0.5506594,0.12917924,3.7218444,0.41627562,0.00730582,-0.5070784,-1.785809,-1.2851878,-1.2994784,0.49985814,-0.10842699,-3.0211856,0.49215338,1.7485033,0.44801787,0.630172,-1.623097
0.49265975,0.42288107,1.9040864,-0.3264855,0.052985396,1.2496694,-1.9204519,0.5916184,0.42779812,-0.1948696,-0.08776987,1.8733817,0.60091,-1.0947306,0.9460219,0.12176382,-0.29940182,0.89178795,0.72179735,-0.51898545,-0.55496794,0.22201693,3.6461158,-0.6014012,-0.0587274,1.1413178,0.03127021,-0.27004123,0.6906832,0.48085567,0.80059177,-0.8689531,-3.2172592,-0.6040377,-1.0765142,1.8325256,-0.518859,-0.103742614,-0.90058476,1.4959564,-1.9723172,0.72567767,-1.090169,-0.48501325,-0.059314486,-1.2416425,-1.0774118,0.5739393,1.1002547,0.87840974,-1.0910386,0.9786359,-0.62899923,0.45079124,-0.67049986,1.0372441,-1.6069036,-0.5956619,0.10998001,1.1306456,1.723525,-0.6017901,1.4214388,0.07023589,1.6880193,1.8272587,0.40936258,0.9216261,0.73383355,-0.5066991,0.4942158,2.0722647,1.0370263,-1.2689446,-1.1042614,-0.5440005,-0.70397407,-0.59801763,-1.2231979,-0.5749342,0.88460743,-0.13530953,-0.7534747,-1.0070931,0.5771168,-0.012694953,-1.4158088,-0.37536687,0.27562648,-0.14048111,-0.31616068,2.794168,-0.59578145,-0.4063736,-0.2632483,0.35442564,-0.86619526,-0.43100074,-0.049008682,0.29334968,-0.82829493,0.19257362,-1.2479204,-1.9069936,0.77746034,0.25045946,-0.21948987,-1.3869815,-0.22972488,0.10135432,-1.7140828,0.33752713,0.21810056,4.3667974,0.5430979,0.09248883,-0.39729434,-1.6245451,-1.5093707,-1.127844,0.22374515,-0.88867956,-2.9196773,-0.13908762,1.2217735,0.17882667,1.5354741,-1.7989335
0.22186068,0.5952856,1.7622737,-0.119749494,0.28000718,1.2202489,-1.4915357,0.51314735,0.16813447,-0.4105584,-0.028242532,1.9325081,0.39544618,-1.2926059,1.0936565,0.12027129,-0.6535448,0.8015641,0.57722366,-0.60026467,-0.6437551,0.39360142,3.3775003,-0.30968824,0.010225549,1.198615,0.09922027,0.031461325,0.711435,0.86587626,0.8596125,-0.86276245,-3.3033717,-0.6943359,-0.5175295,1.8942195,-0.7992361,-0.12586895,-0.7601011,1.0998391,-1.9175258,0.92593336,-1.1891165,-0.34834468,-0.5350641,-1.4574261,-1.5083346,0.2772849,0.77254146,0.9529192,-0.9442269,0.7787251,-0.5229028,0.4339579,-0.8541223,0.78171796,-1.186243,-0.40484297,0.41020685,1.4031509,1.6173421,-0.44109935,1.4794987,0.060053606,2.1122026,1.5263667,0.19129129,1.1141806,0.6265404,-0.19317581,0.39711416,2.6359315,0.6401128,-1.5721046,-0.95899373,-0.6885672,-0.37115464,-0.62165105,-0.9228154,-0.7115912,0.62560534,-0.59586674,-0.6310638,-0.68968207,0.9259413,-0.5828431,-1.8084621,-0.025614802,0.6438353,-0.14310105,-0.5115451,2.9367814,-0.37912416,-0.44140568,0.044038817,0.46689978,-0.7481254,-0.02079911,-0.12501495,0.14074369,-1.2485768,0.27633908,-1.141863,-1.9917859,0.8047528,0.46324506,-0.47251382,-1.5525516,-0.37474066,0.47790882,-1.7491692,0.261287,0.16261297,4.1268015,0.61356395,-0.25772235,-0.4686799,-1.6006007,-1.3035786,-1.50935,0.08202321,-0.47131246,-3.0495038,0.10731356,1.3190119,0.17680329,1.3685222,-1.7079066
0.29276532,0.26226258,1.9707928,-0.52996385,0.41445774,0.7619976,-1.6546324,0.897711,0.4432067,-0.54008645,0.12807257,1.5216863,0.53344774,-1.1531578,1.277119,0.4280862,-0.49079093,1.1278431,0.87208503,-0.46482918,-0.98752385,0.5310289,3.3128555,-0.44420242,-0.41226712,1.0151929,0.01736972,-0.29339263,0.4828833,0.6207926,0.6667088,-0.63005406,-3.327295,-0.58216125,-0.0025159137,1.8984704,-0.81853694,0.0097993035,-0.57168156,1.4291965,-1.4247165,0.7224244,-1.1583954,-0.27203995,-0.38772398,-1.191498,-1.3446107,0.69967175,0.7086024,0.39434978,-0.8608337,0.7829582,-0.5475058,0.6148875,-1.1523387,0.8874327,-1.630907,-0.5871961,-0.0017234818,1.265733,1.8417422,-0.6085884,1.306476,-0.066887096,2.1103768,1.6049232,0.033701513,0.93033206,1.3774478,-0.078532904,0.055939455,1.6566144,1.204092,-1.3069037,-1.0073173,-0.8858518,-0.49308208,-1.2623484,-1.611948,-0.58483243,0.69751555,-0.46264848,-0.6966903,-0.69521195,0.75726146,0.1831879,-1.1852683,-0.2751245,0.29994014,0.06405609,-0.84402335,2.6550028,-0.5771619,-1.0450673,-0.054072194,0.09240434,-0.8275554,0.08221523,-0.016066777,0.0653819,-1.0733113,0.48611444,-1.627817,-2.016563,0.8990749,0.41210675,-0.2624846,-1.6907476,0.04172549,0.47341844,-1.5666884,-0.011411523,0.42064375,4.6439686,0.8234384,0.012689964,-0.23053734,-1.4598104,-1.5306754,-0.4548429,0.21401024,-0.7350747,-2.9271057,-0.3744881,1.4162706,0.3172811,1.4005227,-1.4255165
0.24123885,0.49403518,1.6896356,-0.12447131,0.32492462,1.0289605,-1.5799608,0.47466162,0.15937178,-0.66216785,0.30320448,1.4350219,0.28026202,-1.1799861,1.338098,0.16603403,-0.6990569,0.8069742,0.919725,-0.6238724,-0.43228284,0.2063243,3.2768626,-0.1550027,-0.5791829,1.3724729,0.46360254,0.06420536,0.74521726,1.0103526,1.1577815,-0.9665272,-3.5636675,-0.9983973,-0.39004582,1.5438963,-0.6028356,-0.04382434,-0.26052666,1.3054981,-1.8035374,0.79341596,-0.89563376,-0.07334978,-0.5599788,-1.3023075,-1.4032472,0.25446853,0.38300475,0.7381004,-0.92280406,0.67863166,-0.6106749,0.40757847,-1.2443429,0.61112857,-0.98302794,-0.3323656,0.55267817,1.3320421,1.7370554,-0.63617045,1.6240406,0.3241093,2.0668042,1.4950509,-0.122487806,1.1404685,0.7375392,0.19430962,0.2704245,2.2870436,0.7642122,-1.4832085,-0.8371185,-0.7011979,-0.43772256,-0.76129746,-1.3844929,-0.8665683,0.6257643,-0.5969799,-0.66591835,-0.69862115,1.3978078,-0.072313145,-1.538242,0.41104966,0.63981533,-0.07950888,-0.9552948,2.9655948,-0.21827333,-0.5992177,-0.0022243164,0.17932259,-0.9594154,-0.013305101,-0.1657177,0.049996495,-1.5273807,0.440451,-1.1752188,-1.9912452,0.9419473,0.56916034,-0.64671355,-1.600369,-0.23232879,0.40339398,-1.7032483,0.41888165,0.08883482,4.0896792,0.724674,-0.043192547,-0.36625952,-1.5390389,-1.1842165,-1.8196787,-0.3887761,-0.7579828,-2.660442,-0.063446745,1.2101358,0.37264872,1.4438716,-1.942063
0.17074253,0.20944896,1.6422591,-0.39855948,0.08899101,0.44170228,-1.4772394,0.47408852,0.6936668,-0.84600276,0.6229994,1.0954803,0.3897323,-1.3362342,1.0575664,0.2111568,-0.76457345,1.3510419,0.7208953,-0.93790865,-0.71624106,-0.30134094,3.3022456,-0.13720661,-0.7370289,1.5254978,-0.009588719,0.023564173,0.14882475,1.1803977,1.1842737,-0.5093757,-3.6819763,-1.0777676,0.09690897,1.5835752,-0.64440864,0.034493383,0.11843432,1.4100693,-1.4401035,1.1053498,-0.9174026,-0.034234643,-0.4115515,-1.2586378,-1.8665103,0.73269373,0.38581425,0.40102002,-1.0685681,0.264522,-0.11999177,1.031404,-0.79830796,0.42460188,-0.7712772,-0.22860318,0.28064072,1.254945,2.123132,-0.28366834,1.3199855,-0.036711343,2.122502,1.921775,-0.20067699,1.2938857,1.065636,0.68666005,-0.051820237,2.0359263,0.8612316,-1.0089275,-0.99611706,-0.5723047,0.04430369,-0.85324144,-1.6246598,-1.0494689,0.63346714,-0.7764157,-0.26316246,-0.40318432,1.0287701,0.025021425,-1.690132,0.53574884,0.52901745,0.13145685,-0.93841755,2.311066,-0.4524599,-1.1160549,-0.33406463,-0.02378605,-1.3281415,-0.2253628,-0.6402482,-0.016068343,-1.4956119,0.9277167,-1.191226,-2.1300862,1.3167295,0.15448856,-0.7649645,-1.687711,0.2056575,0.41520098,-1.7662374,0.91216165,0.30237043,3.9172332,0.70696294,-0.28689343,-0.97253114,-1.3937777,-1.0570546,-1.795205,-0.40871683,-0.37626106,-2.4273267,-0.10733709,1.6387928,0.47288617,1.1683584,-1.3495225
0.07723193,0.32934216,1.8212597,-0.57864565,0.1695848,0.7340558,-1.495622,0.482244,0.59615964,-0.8574538,0.31304258,0.9876495,0.48239595,-1.292718,0.95511585,0.22754996,-0.8034941,1.0256326,0.92094827,-0.3059295,-0.3810525,0.3014189,2.9982908,-0.1533572,-0.35118988,1.6709809,0.17612548,-0.23304832,0.40893698,0.8245465,1.0864213,-0.74622756,-3.3095279,-0.9410205,0.30013755,1.6682141,-0.4725333,0.33333632,-0.341532,0.9786318,-1.7406278,1.1902648,-1.0116688,-0.4834759,-0.5685045,-1.3594699,-1.4842556,0.37732428,-0.117391385,0.56050515,-1.1526997,0.7467226,-0.5084847,0.52100503,-1.0321041,0.43152952,-0.7624277,-0.4658248,0.36547443,1.4448925,1.9784163,-0.6021842,1.4301431,0.31456783,2.2365167,1.4506949,0.2107168,1.4212432,0.7748538,0.33006144,0.009971888,2.0894096,0.9542193,-1.1119348,-0.7833968,-0.72670645,-0.28010488,-0.5197639,-1.3972149,-0.86354184,0.83509064,-0.8877618,-0.38395423,-0.9209736,1.422088,0.108987145,-1.600394,0.46077338,0.51691866,0.025156349,-1.1529596,2.1560423,0.12635149,-0.627858,0.13960047,-0.16819641,-1.3963505,0.329997,-0.37882322,0.122636504,-1.3051827,0.47097722,-1.1440428,-1.9985193,0.78531915,0.58663523,-0.4559678,-1.8007718,-0.20652439,0.5461172,-1.6469356,0.4107217,-0.0455571,4.348591,1.0449581,-0.12650342,-0.1581066,-1.6237144,-1.2701894,-1.5636419,-0.72239006,-0.42811978,-3.023175,-0.30900395,1.778336,0.3648283,1.2506851,-1.7341284
0.19762819,0.21253963,1.9385893,-0.1362618,0.25113305,1.2692275,-1.3845738,0.5474158,0.040379234,-0.32470432,0.21343482,1.5403416,0.3840192,-1.2539773,1.1402588,0.10341151,-0.44711888,0.8996664,0.89713836,-0.77107966,-0.8930393,0.20084508,3.250901,-0.47949144,-0.21432401,1.2267611,-0.10934467,-0.19320264,0.553279,0.6427865,0.7155561,-0.63348675,-3.291633,-0.96952885,-0.31427738,1.9652263,-0.53148735,-0.013470209,-0.53781813,1.4271238,-1.7595495,0.70902044,-1.3129206,-0.19278914,-0.38863352,-1.4000974,-1.7569368,0.4209373,0.6000388,0.625275,-0.9828373,0.7492727,-0.46002936,0.6415615,-1.1062468,0.8856203,-0.9333876,-0.42149684,0.097974434,1.4352615,1.9380528,-0.2460114,1.773742,0.019038852,2.0717645,1.6158311,0.1604436,1.0284654,0.61379296,-0.020954842,0.15070044,2.3554957,1.0932705,-1.3376831,-1.2460903,-0.6932542,-0.69742817,-0.47707295,-1.0366614,-0.601159,0.88723755,-0.48353672,-0.83910173,-1.2239858,0.97147274,-0.058348786,-1.4727056,0.016695807,0.29234764,-0.1715683,-0.6423718,2.3106287,-0.21046902,-0.62389684,-0.16046514,0.39065117,-1.3414376,-0.20247258,-0.10776698,0.36686993,-1.0310578,0.45044726,-1.0815609,-1.7965542,0.92931974,0.27351466,-0.42313454,-1.7459056,-0.39405578,0.20465401,-1.462111,0.3683658,0.15284999,4.491605,0.7909764,-0.0025389192,-0.1754482,-1.6508893,-1.3376998,-1.2454971,0.03560606,-0.35222846,-2.973151,-0.29424956,1.2517992,0.17644589,1.5982774,-1.6248986
0.26067585,0.17524357,1.5872828,-0.03275231,0.17603196,0.31699327,-1.6508211,0.9133619,0.4307337,-0.7718062,0.5053798,1.2190596,0.6455128,-1.0933493,1.3143691,0.3801246,-0.55286807,0.87412673,1.0273564,-0.38695967,-0.868449,0.21964249,3.3999386,-0.18597777,-0.5425748,1.4220632,0.21304472,-0.26450574,0.52608126,0.7130848,0.84077054,-0.7265596,-3.441195,-0.6741664,0.065602124,1.7286129,-0.6633557,0.029106094,-0.29855454,1.3939847,-1.4281112,0.6243538,-1.0298707,-0.11957231,-0.53563285,-1.2429106,-1.0947354,0.6517136,0.52672124,0.21159087,-0.63132906,0.34644297,-0.26562303,0.62851053,-1.2957475,0.97918993,-1.2134384,-0.48371705,0.11151878,1.258292,1.6545665,-0.7730769,1.3662494,0.071116455,1.866077,1.3806304,-0.054892287,0.9895602,1.4347478,0.055234056,0.13421753,1.7689102,1.0504341,-1.4370458,-1.2424866,-0.8995329,-0.34157065,-0.8753602,-1.8517565,-0.88710815,1.1208311,-0.54898536,-0.7232417,-0.8438105,1.2498997,0.50345457,-1.1902882,0.044216078,0.49431318,0.45539695,-1.1684214,2.973826,-0.54504246,-0.75344944,0.3410682,-0.26204965,-1.2208227,0.03790828,-0.37759358,0.08969361,-1.2147101,0.48515594,-1.7270541,-1.9823169,0.6371914,0.2951017,-0.21344633,-1.8624614,0.17426027,0.674166,-1.6563821,0.34810206,0.19628514,4.5598826,0.8237733,-0.10074767,-0.25716102,-1.5254067,-1.3298696,-0.4404302,0.07867181,-0.97948825,-2.8201718,-0.40027186,1.5192748,0.2358757,1.2002397,-1.6926337
0.28548875,0.11304572,1.6012245,-0.1715346,0.18460357,1.4703361,-1.3884887,0.4956709,0.24079941,0.30858487,-0.042651344,1.3222362,0.38753796,-1.3783696,1.2756718,0.16651164,-0.09845861,1.1739024,0.59738255,-0.88970083,-0.5914545,-0.19600676,3.5225809,-0.69026494,-0.09091153,1.6566839,-0.14637955,-0.11721349,0.58494914,0.62291634,0.6533364,-0.65734863,-2.584079,-0.35700515,-0.25080928,2.1252568,-0.5202843,-0.19270125,-0.71756583,1.4674141,-1.7854989,0.86185163,-1.285117,-0.34467182,-0.27013737,-1.3595791,-1.5323526,0.34677026,0.51201314,0.80295545,-0.94048804,0.9087087,-0.98349726,0.3252436,-0.9251091,0.59998137,-1.2323258,-0.60060716,0.5134212,1.3444104,2.285789,-0.5305558,1.6445875,0.1272897,1.9216832,1.2635056,-0.21211432,1.3932569,0.76375324,-0.52737975,0.5682977,2.2596703,1.1109548,-1.0052739,-1.0723977,-0.7520677,-0.40710106,-0.638135,-1.3369591,-0.55810887,0.32752421,-0.5294424,-0.605677,-0.74857295,0.8213036,-0.032248203,-1.7033305,-0.15186681,0.030091047,-0.14992005,-0.7530616,2.9089098,-0.15113136,-0.34381798,-0.4326065,0.39583176,-0.9382267,-0.2717814,-0.1404727,0.03948489,-0.9935895,0.105540566,-1.1181372,-1.909931,0.5059824,0.2240026,-0.30837333,-1.5098859,-0.4990349,0.45893237,-1.1725315,0.65155077,0.10558127,4.3240733,0.3791243,0.051518418,-0.36468259,-1.6820503,-1.4705573,-1.3518336,0.11694738,-0.39366132,-3.2308002,-0.27705917,1.3112677,0.12980367,1.703309,-1.664793
