-1.2642459,1.6027496,-1.8916597,-2.4234881,-0.7678651,-1.3757865,-0.29635853,0.953338,-0.47997284,-1.2118242,0.2837447,2.3462644,-2.9402368,0.025113119,2.1299427,0.84302366,-1.1490383,0.9281717,-2.183076,-0.28105775,-0.98047435,-0.7410332,2.1782455,1.6053327,-0.31010455,-0.13409412,1.1063802,0.006449347,-0.89979655,-0.14263491,-1.3116984,0.35200658,-1.5358243,-0.5070504,0.17668971,-0.5284881,-0.4934447,-1.2219408,-2.2935147,-2.7464774,2.3342826,-0.6109003,1.5654757,0.5902006,0.0073212613,-3.0052636,-0.6630065,-1.2419653,-0.59694296,-0.30497038,0.3151643,-0.3656605,0.9370807,0.36698285,1.8374321,-0.8794326,0.20068006,0.03316156,-1.3366973,1.6580057,-0.32016203,-1.3776686,-0.47795972,1.112352,-0.33302864,0.5780887,0.8993962,-1.6391673,0.16824317,0.44672415,-0.043512993,0.33708695,1.3048795,1.302674,-0.32678947,0.32064176,-0.2147162,-0.34693658,2.7870097,-0.23879872,0.1695118,-0.21245335,-0.54145795,0.93545693,-0.017453942,0.6990512,-0.68911916,0.7690841,0.76555943,-0.059687097,-0.8067992,0.75587535,-2.8492677,0.6705485,0.46049893,0.91005653,1.0872219,-0.5978729,1.2753547,-0.48729768,1.0350012,0.6968734,-0.5835212,-0.93440664,1.8877225,-0.47048327,-0.7041544,-1.3427016,-0.5754095,-0.030638624,0.95053035,0.6041247,-0.84704775,0.36571297,-0.1342584,2.0187142,0.0015650791,-0.7961431,1.5910002,0.6722028,-0.033658005,-0.24041322,-1.0284485,1.0112914,-2.4534407,0.85778296,-0.10087953,-0.15984306
-1.4858345,0.98476523,-2.196853,-2.344357,-0.53831124,-0.78406125,-0.5571554,1.1105018,-0.057234503,-0.49620244,0.17857468,1.9053324,-2.764925,0.20633468,2.0471628,1.7485203,-1.2887794,0.62034595,-2.3882513,-0.16034895,-0.89159214,-0.849637,3.2718499,1.6591034,-0.20142992,-0.7571632,0.38325137,0.4076797,-0.78733975,-0.25154987,-1.3962296,0.17488411,-1.3838946,-0.6114786,0.21368748,-0.20071651,-0.9794447,-0.93012327,-2.2275648,-2.9682467,2.2631872,-0.21770461,1.6239506,0.57685924,-0.06965296,-2.4471366,-0.6339045,-0.9078708,-1.1420437,-1.1349286,0.8914628,-0.0887198,0.98784727,1.0615339,1.657229,-0.4460517,0.99939424,0.65119886,-1.1511213,0.95080525,-0.29436383,-1.3469993,-0.5616699,0.82717097,-0.8744665,0.132441,1.2251321,-1.7872921,0.43119922,0.3901127,0.068398505,0.92548454,0.3446232,1.963022,-0.32552236,0.0506341,-0.18329144,0.18473011,1.9140323,-0.09933558,0.63970935,0.07234185,-0.030673716,1.2030644,-0.24290718,0.4882674,-1.1415913,0.5158961,0.6201067,0.23411773,-1.1059282,0.4896852,-2.5807614,0.049641583,0.57029253,0.5073498,0.5715531,0.22373497,0.855581,0.09057455,0.7303091,0.54501694,-0.07879236,-1.0943223,2.219079,-0.2510885,-1.459876,-1.8258551,-1.0816544,-0.36545455,0.39523414,0.99418545,0.31850493,0.043961685,-0.35306644,1.681262,0.12556344,-0.6171755,1.8098887,0.7075014,-0.057045404,-0.5152933,-0.7464145,0.7422936,-3.4473202,0.50264376,0.1745021,-0.16861019
-1.7288092,1.1660156,-1.9458815,-2.1302845,-0.15944736,-1.3537804,0.021959761,1.1560503,-0.6368122,-0.858484,0.39692855,2.0232065,-2.9044297,0.121148065,1.5414989,1.3126751,-1.5239784,0.8027684,-2.4785686,-0.27396083,-1.2574537,-0.85685563,2.362679,1.5282019,-0.4152207,-0.05915403,1.0520494,0.37039292,-0.76135886,-0.627305,-1.5853839,0.031462483,-1.3785547,-0.59572124,0.6583143,-0.14015505,-0.46188658,-1.3800614,-1.6851245,-2.478963,2.510381,-0.6836309,0.9452687,0.6415643,-0.27064204,-3.102164,-1.0824113,-0.80575234,-0.29837558,-0.21953955,0.4925596,-0.09669309,0.4704808,0.20879161,1.7769356,-0.22788641,0.4483016,0.31554753,-0.7378874,1.9456265,-0.4804635,-1.5739077,-0.8231637,0.97048974,-0.17945969,0.4107124,0.6373441,-1.7600591,0.100431085,0.5447046,-0.45852026,0.37524968,1.0567348,1.3987644,-0.6659373,0.51234305,-0.048578646,-0.5731357,3.3257418,-0.72240376,0.18724051,-0.80100995,-0.8100708,0.97976226,0.18315306,0.64897346,-0.83802223,0.5314074,1.0980315,-0.072280094,-0.65336585,0.5243332,-2.7492073,0.63713765,0.58967566,0.5836964,1.1552176,-0.932836,0.73389864,-0.7047158,1.3059509,0.5292052,-0.3198952,-0.7512223,1.9334816,-0.07696197,-0.8522573,-1.2894477,-0.9531828,0.41019705,0.8234414,0.9787769,-0.7452524,0.31570366,0.46983334,1.9378536,0.12160635,-0.51962936,1.9320943,1.1780838,-0.31384015,-0.036785714,-0.55744904,0.50863224,-2.0073886,0.28308105,-0.25556895,-0.23214048
-1.4256126,1.3992251,-2.8260498,-1.9022399,-0.018786784,-0.9689271,-0.12130543,1.1281692,-0.33702034,-0.22145493,0.2253563,1.7375121,-3.2249675,-0.008460431,1.810522,1.1086272,-1.8710784,0.3340169,-2.2936828,-0.28278688,-1.4730288,-0.91904795,2.208405,1.933542,0.09941185,0.042805597,0.79859567,0.448383,-1.1296016,-0.798963,-1.3581235,0.04156977,-1.6311239,-0.43588156,0.9789184,-0.5014751,-0.507394,-1.2784326,-2.3733532,-2.1574528,1.9244992,-0.6551237,1.0317622,0.09407989,-1.1502196,-2.2039282,-1.3419234,-1.4393603,-0.6377919,-0.60844797,0.58199364,0.19535512,-0.12974125,1.3170024,2.245002,0.09329892,0.22922744,0.40271854,-0.49138355,1.9237909,-0.16645393,-0.62658066,-0.35331517,1.0452744,0.21950905,0.40564296,1.1686156,-1.9000835,0.42512718,0.30012047,-0.26105964,0.859348,1.3850529,1.7565835,-1.3088567,0.6591145,-0.5544599,-0.46152565,2.6437426,-0.12964939,0.43646377,-1.3615746,-0.6478628,1.0163207,0.39636546,0.51499504,-0.71091294,0.6189369,0.78507286,-1.0397891,-0.98104304,0.9078507,-2.0332015,0.8482222,0.14803635,0.54959404,0.31107727,-0.57139844,0.9354616,-0.57277197,0.53343433,0.57159597,0.033482958,-0.85504603,1.8074206,0.18289569,-1.1853108,-1.2728273,-0.625039,0.065819055,1.2404987,1.5954808,-0.19040696,-0.54428285,0.5486922,1.4297873,-0.25472343,-0.60524625,1.8398755,1.278665,-0.04032915,-0.27127188,-0.26565242,0.6201867,-2.1590142,0.35582486,-0.77701217,-0.18630035
-1.548465,1.1542776,-1.7053243,-2.3680604,-0.28616425,-1.9519634,-0.3321894,1.2740071,-0.72882026,-1.4052489,-0.09198829,2.3350596,-2.7570612,-0.06950882,1.5750451,0.71575516,-0.9415593,1.0205082,-2.2816513,0.050350767,-1.6778926,-1.1210822,1.8597654,1.3253796,-0.3156976,-0.23684242,0.36826265,0.23128271,-1.1135119,-0.079285905,-1.3994374,0.23683438,-1.2446727,-0.90688676,0.49797377,-0.090260126,-0.28185126,-0.787597,-1.4875132,-2.4498632,2.2714117,-0.92992955,1.4986643,1.0783486,-0.10726827,-3.205326,-0.9736624,-0.21761973,-0.4117958,-0.050932314,0.3538263,0.32206646,0.85064006,-0.035339583,1.7974926,-0.32668748,0.7043358,-0.26414567,-1.2221229,1.254193,-0.38929772,-1.8568723,-1.1085284,1.0360563,-0.1550915,0.39602908,0.4775836,-1.4747351,0.5280906,0.43308857,-1.0876704,0.21239966,1.4869148,1.4298576,-0.5679808,0.49922228,-0.63969684,-0.68226117,3.687676,-0.7945362,0.029767316,-0.41657707,-0.29200485,0.7635239,0.19206181,0.19120945,-0.6358766,0.78509516,0.7992651,-0.14953414,-0.23063022,0.38375852,-2.800491,0.57889575,0.52442926,0.67074287,1.4912708,-0.6906652,0.7289402,-0.5072628,1.3016518,0.8206849,-0.22226301,-0.88544464,2.312516,-0.1194439,-0.69010746,-1.2526827,-0.6877357,-0.07418274,0.99302727,1.0279715,-0.67928404,0.4068774,0.4464107,1.7338318,0.6665204,-0.30805856,1.9712923,0.94524807,-0.14165321,0.0058441916,-0.7843268,0.24808517,-1.970572,0.5230904,-0.50903237,0.14614029
-1.6398197,1.1060297,-1.4722707,-2.1653607,-0.23153123,-1.6310037,-0.13021357,0.9058604,-1.0725844,-0.69692105,-0.06082262,2.110553,-2.2080858,0.5642827,1.3091309,0.80356306,-0.88536286,1.285353,-2.5105176,0.061771557,-0.895726,-0.7981857,1.787225,1.5350447,-0.2708324,-0.5225048,0.6283558,0.18670137,-0.7532795,-0.11714069,-1.5291351,-0.5584922,-1.5353438,-0.40796244,0.26144665,0.45979676,-0.42602214,-1.3381616,-2.6016536,-2.1549077,2.7453628,-0.571042,1.6112633,0.36178786,-0.05147398,-2.8639088,-1.437049,-0.78592724,-0.60845673,-0.28656116,0.20177862,0.24791977,0.03863724,0.88018674,1.8567662,-0.6945708,0.20643829,0.53696465,-1.134518,1.2391012,-0.39125898,-1.9823915,-0.237444,1.6547511,-0.324103,0.6554371,0.2809596,-1.398723,0.80879253,0.7837231,-0.11674984,0.65355974,1.7219025,1.7113965,-1.3382986,-0.16433203,-0.4503956,-0.50774366,2.7058144,-0.2857938,0.2668456,-1.1737198,-0.060397916,1.1213906,-0.3277988,0.66805404,-0.80978525,0.90642965,0.43217522,-0.35766715,-0.9906834,0.41482517,-3.3698695,0.34548414,0.41759118,0.5880327,0.8902596,-1.3604385,1.0714543,-0.25349483,1.399321,0.39086074,-0.11867001,-0.58757734,2.3250089,0.107040286,-0.5826261,-1.2553678,-0.89208555,0.3117202,0.94169533,1.3398097,-0.03062126,0.08090797,-0.10694484,1.6193764,-0.037236504,-0.22537164,1.2614703,1.0599588,-0.20688073,-0.057887945,-0.5227639,0.65749377,-2.6750782,0.90538406,-0.9710917,0.16453038
-1.6504345,1.5687885,-1.8169513,-2.2141294,-0.35203922,-1.4357011,-0.1271217,1.0310017,-1.1113837,-1.0633733,0.27701032,2.2262883,-3.1406267,0.044598512,1.6537952,1.003268,-1.2364675,0.767409,-2.7360954,0.25462544,-1.0293719,-0.72351193,2.0114164,1.502795,-0.12692513,-0.20365918,0.89249015,0.39525154,-0.93982273,0.11975437,-1.3295246,-0.24933197,-1.111646,-0.8235832,0.93409425,-0.3729108,-0.121404015,-1.3344579,-1.9173591,-2.4721212,2.5143151,-0.50284433,1.2106338,0.98392105,-0.23010242,-2.926868,-1.1682081,-0.48661995,-0.5881207,0.037655033,0.4722766,0.32948422,0.52222186,0.024278454,1.706853,-0.08416897,0.42617542,0.15360866,-0.9936398,1.6734321,-0.7241263,-1.7371219,-1.0086993,0.92521924,-0.16313808,0.39428043,0.6781686,-1.4549108,0.23191822,0.31249344,-0.32362026,0.3075316,1.4477468,1.1822528,-0.65829366,0.23777361,-0.08483572,-0.46979302,3.2659469,-0.618614,-0.2895834,-0.9323993,-0.5785334,0.60330904,0.34423023,0.43556505,-0.3381301,0.33362064,1.0964099,-0.4065974,-0.448714,0.39230347,-2.6851497,0.78554285,0.41993535,0.31762147,1.2572622,-1.5799456,0.63841707,-0.69136643,1.4407932,0.73458105,-0.25034925,-0.64569515,2.1864457,-0.45259312,-0.4128583,-1.6838034,-0.9940686,0.5314025,1.1688141,0.91970694,-0.9079494,0.16216734,0.344214,1.8049784,0.8922464,-0.333435,1.6205182,1.0167022,0.23296142,-0.25925016,-0.70817626,0.39601508,-1.5120637,0.52371943,-0.73836154,-0.32726213
-1.504526,1.880637,-2.0700185,-2.4457307,-0.5047455,-1.0844982,-0.36978987,1.0176643,-1.0460007,-1.0729185,0.22432426,2.3903935,-3.217571,0.28172433,1.6585821,0.9691486,-1.0670558,0.734445,-2.4174879,0.2472155,-0.49025536,-0.5654357,2.31348,1.4761652,-0.45909864,-0.4454228,0.625094,0.09037902,-0.88547283,-0.14840718,-1.2147596,0.10519723,-1.3385106,-1.0127482,0.61520714,-0.7022889,-0.55811983,-1.093669,-2.0919166,-2.8324335,2.4715357,-0.48795244,1.0280702,0.8762189,-0.047875892,-2.7361312,-0.850174,-0.77198076,-0.8293664,-0.3574133,0.54445386,0.07588842,0.56784046,0.18828362,1.7318507,-0.5708958,0.5894396,0.5039228,-1.4182171,1.3294141,-0.5778725,-1.8705758,-0.758741,0.96450883,-0.38328153,0.58693206,0.61602956,-0.820782,0.20282131,0.5437502,-0.2753738,0.3572231,1.2228729,1.0351741,-0.33497941,0.23756762,-0.095141016,-0.79239655,2.884563,-0.5439852,-0.06344403,-0.75934315,-0.2285092,0.5718769,0.4786089,0.7207318,-0.444098,0.48816064,0.64276314,0.041932218,-1.1683916,0.50864106,-2.6543567,0.1667734,0.16451679,0.75849813,1.6538341,-0.9225877,1.0517383,-0.5406719,1.0514615,0.96091384,0.0310226,-1.1770462,2.030675,-0.48644096,-0.8662301,-1.5158348,-0.6103702,0.34666333,0.79670197,0.5478125,-0.98736286,0.6505021,0.531857,1.9344229,0.34634683,-0.16641933,1.7510601,0.7170616,0.043367423,-0.119334646,-0.76175,1.1211998,-2.6786904,0.9273497,0.011427839,-0.17018005
-1.7976472,1.1084763,-2.1595938,-2.0179875,-0.40146998,-1.478581,-0.35435107,1.0733005,-0.8536354,-0.77010953,0.8920708,2.385736,-3.021936,-0.18609096,2.175929,1.5224719,-1.1242665,0.9324098,-2.7308571,-0.24843098,-1.471315,-1.2875074,2.2100286,1.2706467,-0.16058953,0.02133444,0.24421667,0.5508979,-0.6464387,-0.13608098,-1.2219487,0.45754683,-0.99543107,-1.0039448,0.7059856,-0.23527455,-0.5863213,-1.136206,-2.0466104,-2.619022,2.3379014,-0.37474406,1.0424749,0.73262995,-0.08548276,-3.4164934,-0.8914242,-0.49045962,-0.73347837,0.17793272,0.34081385,-0.27904966,0.386991,0.26429456,2.037638,-0.35066554,0.37363264,0.07212416,-0.60529333,1.2025001,-0.6590887,-1.8541453,-0.760658,0.64862883,-0.005956489,0.6675406,0.9864541,-1.6453569,0.4315088,0.40905696,-0.69320035,0.3002302,1.4862756,1.0409973,-0.76237845,0.24087998,-0.82688874,-0.40837157,3.394031,-0.69704276,-0.062234007,-0.5498804,-0.3439765,0.72866046,0.38167024,0.40841135,-0.60173297,0.58361065,1.3497365,-0.3242575,-0.61268646,0.8342512,-2.3122106,0.681714,0.29776224,0.17755345,1.1207525,-0.7540708,0.63575447,-0.5851412,0.7780516,0.61485606,-0.55151814,-0.6165849,1.334602,0.048601646,-0.6796977,-1.3123634,-0.43617374,0.04925511,1.1272242,0.8364697,-0.8412977,0.11650058,0.2912724,2.1052337,0.85646755,0.052106798,1.7253963,0.98883826,-0.21293849,-0.20024402,-0.61629987,0.65466166,-1.8337151,0.6700484,-0.3897378,-0.32119915
-1.2314973,1.2800717,-2.199852,-2.2680495,0.20045157,-1.089728,-0.7159333,1.2288953,0.027839977,-0.22711664,0.28901434,1.8382497,-2.0783217,0.18425162,1.6956714,1.745959,-1.5159663,0.112890445,-2.5796678,0.117357105,-1.0182561,-0.561708,2.2990227,1.3555598,0.3564006,-1.2530334,0.72459465,-0.15340972,-0.8456038,0.16126356,-1.216491,-0.67029774,-1.5496907,-0.607787,0.54909104,-0.46299386,-1.1115125,-0.7721353,-2.2388616,-2.5377483,2.1511698,-0.39075685,1.8215966,0.72259086,-0.0027307628,-2.718145,-1.1217666,-0.73030984,-1.3867595,-1.3068951,0.90774286,0.37677857,0.51143163,1.0058386,1.6689728,-0.3590472,1.2502538,0.3177042,-1.0490204,0.81872034,-0.8281954,-1.495982,-1.0137377,1.0768669,-0.8765551,0.30381593,1.6632237,-1.555805,0.94331455,0.76724166,-0.76358783,0.61510557,0.92720735,2.4331672,-0.9901953,0.078882284,-0.7005395,-0.4253989,2.0048575,-0.13231373,0.15277438,0.109130695,0.08635962,0.89174575,0.049300104,1.0095937,-0.8454603,0.07836807,0.8624431,-0.011283018,-1.215747,0.9196546,-2.3752134,0.25078493,0.7671159,0.0093093375,0.65022033,-0.52461225,0.972037,0.17806886,0.92725843,0.44889092,-0.68416286,-0.5776111,2.1296618,0.09326915,-0.8352591,-1.9234786,-1.0324259,-0.1492624,0.58054906,1.4230134,1.0043997,-0.07726209,-0.36398876,1.1584725,0.22372736,-0.3149923,2.1308143,0.004794893,-0.2001605,-0.30988997,-0.54494965,0.691476,-3.3842258,0.99610364,-0.019699054,-0.4285316
-1.8905917,1.2078441,-1.7585266,-2.4754848,-0.48452514,-1.5678856,-0.44534248,0.88949156,-0.73827595,-1.0885676,0.36675972,2.3310754,-2.772682,-0.17746529,1.4640298,1.0326749,-0.9983685,1.0325283,-2.2587547,0.21345064,-1.6017272,-1.0167645,1.610506,1.5203687,-0.4059426,-0.09292986,1.1542155,0.65771824,-1.3327395,-0.19012472,-1.7334089,0.32977998,-1.3190457,-0.8084705,0.33948073,-0.33793008,-0.29017353,-1.3493277,-1.5838668,-2.6005871,2.2316446,-0.5745447,1.6594199,0.695145,0.10750734,-3.302647,-0.9012336,-0.6799594,-0.58966315,-0.047960468,0.5015256,-0.3353068,0.70044744,0.06799152,1.5312732,-0.17008172,0.65193224,-0.19692093,-1.0790191,1.7119551,-0.5551067,-1.6058763,-0.9506315,1.0289767,-0.5271668,0.5976252,0.6306917,-1.5658666,0.27895582,0.3041081,-0.4651617,-0.033202305,1.407296,0.9109594,-0.11367863,0.21577224,-0.20571683,-0.45774713,3.155754,-0.8071745,-0.012558454,-0.2530634,-0.595679,0.9420131,0.37832212,0.5888786,-0.8307811,0.80747783,0.9897935,0.15427597,-0.54749316,0.7331813,-2.628377,1.0010575,0.9078339,0.45596582,1.5590142,-0.68933237,0.61515576,-0.53435147,1.3306429,1.1081707,-0.30576622,-1.2985659,2.0798173,-0.52822196,-0.6902453,-1.0667583,-0.8922228,0.32644656,0.9177683,1.067707,-0.73329324,0.2765352,-0.045218248,1.9127076,0.5756345,-0.40005916,1.7224195,0.6521445,0.22589467,-0.12704232,-0.7527888,0.698942,-1.6831788,0.59157324,-0.50279367,-0.24532606
-1.6332732,1.2102973,-2.001847,-2.4069521,-0.7296234,-1.328253,-0.16492231,1.2031362,-0.5539284,-0.9019841,-0.007956186,2.069346,-3.0506108,0.010778229,2.2348435,1.1864666,-1.2248259,0.74133986,-2.1578748,-0.08037601,-1.5267072,-0.9005791,2.2372067,1.3368255,-0.2539442,-0.15664046,0.037060022,0.20610926,-0.9223506,-0.16640042,-1.5667505,0.49075025,-1.2344134,-0.6550865,0.83717275,-0.5584241,-0.60186183,-0.8219622,-2.2206268,-2.6902492,2.4922113,-0.61237615,1.1303626,0.59108496,0.07402471,-3.4465933,-0.7335456,-0.9780147,-0.24943064,-0.19623715,0.6341435,-0.18283099,0.84674454,0.4594701,1.8778502,-0.55983,0.31733766,0.609896,-1.2860632,1.3929389,-0.2520508,-1.5067114,-0.8781494,0.9561288,-0.42536137,0.56190896,0.39608067,-1.6079158,0.21603832,0.46224394,-0.40687254,0.7171486,1.542355,1.2052206,-0.49847913,0.24030426,-0.49575737,-0.40922332,3.4860623,-1.1807129,0.1646078,-0.2841378,-0.2097812,1.0639621,0.08496423,0.46574637,-0.67209864,0.5436821,1.1392239,-0.21000896,-0.56132764,0.8344419,-2.4076731,0.8827281,0.24799605,0.69067144,0.89043057,-1.0298833,0.7688962,-0.44207752,0.89976025,0.38579693,-0.22899377,-0.70610136,1.7503569,0.050116926,-0.68895197,-1.5022528,-0.4945622,-0.20613429,0.67334616,1.0400536,-0.73212004,0.22546263,0.306104,1.8818367,0.21626405,0.030688584,1.7046704,0.80143017,-0.037219226,-0.356899,-0.5526185,0.63826585,-2.052974,0.5610472,-0.026536945,-0.19738314
-1.2780098,1.1254848,-1.7551097,-2.235735,-0.27691254,-1.6067117,-0.5298822,1.070703,-1.0122722,-1.1211149,-0.3509135,2.3915622,-3.1989694,0.008836516,1.2899072,1.2363178,-0.47662014,0.58692014,-2.6480665,0.45149484,-1.5783025,-0.75579864,1.7491013,1.8535252,-0.15219663,-0.2437097,0.42706546,0.51327723,-1.114969,0.36376303,-1.650865,0.026983041,-0.8738048,-0.8457721,0.5324081,-0.19643416,-0.21377946,-1.0676403,-1.845768,-2.3460774,2.230908,-0.56962514,1.3777349,1.3238059,-0.38622403,-3.2180202,-0.9332918,-0.13176447,-0.6827632,0.21234252,0.62024486,0.77153075,0.9142236,-0.16593885,1.8617096,-0.09419195,0.297994,-0.05194743,-1.0654725,1.3689727,-0.74281603,-1.9516732,-1.2877438,0.84591913,-0.15802108,0.31550246,0.7247279,-1.4088256,0.5305097,0.6145865,-0.9775797,0.38195762,1.8662444,0.9694723,-0.55500835,0.07272442,-0.22023073,-0.3000757,3.1972933,-0.6771084,-0.56178004,-0.6404846,-0.28355148,0.39299446,0.4653404,0.36771253,-0.18370634,0.5449195,1.1213738,-0.02607307,-0.2769579,0.26015145,-2.451918,0.58871824,0.48662105,0.31588823,1.3627492,-1.4283981,0.279524,-0.40406042,1.3714005,0.42843258,-0.27354008,-1.0851623,2.339901,-0.28243673,-0.714835,-1.8930027,-0.6849451,0.31878284,0.97407097,1.2378894,-0.49881226,0.05905334,0.52418673,1.7562526,1.2227769,-0.13557968,1.7492734,0.7357212,0.08591187,-0.33992633,-0.67973214,0.23976576,-1.1894155,0.07821776,-1.0665689,0.01733233
-1.6245171,1.1997706,-1.8600895,-2.4199219,-0.47083384,-1.4940991,-0.17746657,1.4639332,-0.9536692,-1.0749677,-0.08547565,2.3259678,-2.749117,-0.009072316,1.8336647,0.87171376,-1.1805391,0.78889036,-2.5898826,-0.08730077,-1.4333391,-0.99212,2.0056036,1.6167592,-0.2864242,0.012446385,0.21993586,0.11826578,-1.0669848,0.10624877,-1.2828083,0.32127383,-1.2664285,-0.7443373,0.49026534,-0.06553615,-0.7179553,-1.2167444,-1.9730334,-2.579878,2.3780158,-0.3906166,1.3322217,0.89263207,-0.05722413,-3.164069,-0.8700473,-0.5620349,-0.41807455,-0.31959823,0.24426928,-0.034112196,0.63626474,0.40008318,1.8967367,-0.7404627,0.5368961,-0.012294788,-1.3784153,1.2712116,-0.6257201,-1.7319331,-0.9289428,1.0604415,-0.22848378,0.46735254,0.70072335,-1.5190357,0.38002846,0.37266693,-0.6874958,0.4952136,1.3573263,1.2306174,-0.21409439,0.59271306,-0.5862203,-0.4040116,3.1630604,-0.44067636,0.2118952,-0.28125426,-0.2873545,0.87006915,-0.05230469,0.43455973,-0.56934464,0.57103103,0.9564771,-0.24114078,-0.6058802,0.73309773,-2.7870548,0.5957554,0.36177757,0.7482954,0.9444905,-0.5495856,0.82645404,-0.555766,1.0113288,1.0271739,-0.39053664,-0.84669435,2.1673315,0.23454128,-0.9058848,-1.1932402,-0.56936383,-0.09354922,0.8230314,0.71669006,-0.55197036,0.2758059,0.2678231,2.1037693,0.61898655,-0.11697961,2.1403763,0.7953671,-0.054367457,-0.336757,-0.6817227,0.46252874,-2.5133383,0.5104498,-0.29658043,-0.055063125
-1.9913107,1.5468696,-1.9252474,-2.1462038,-0.07677702,-1.3217049,-0.08202195,0.8389096,-0.60841906,-0.79798716,-0.0027518638,1.935433,-2.6077929,0.61836016,1.2182286,1.3832772,-1.7937902,0.63803786,-2.2616618,-0.063857555,-1.2498044,-0.765188,2.1827652,1.5814924,-0.37344238,0.49735516,0.91096467,0.589488,-0.7943682,-0.64910775,-2.400683,0.3893485,-1.6624246,-0.75722206,0.74925363,-0.2409173,-0.6716946,-1.4646292,-2.0627973,-2.3343925,1.9655358,-0.623181,0.55322355,0.487264,-0.48418063,-3.226562,-1.1622856,-1.4778564,-0.0035957703,-0.29567507,0.71474934,-0.64126575,0.6701932,0.79419726,1.1765871,0.02868241,0.59958404,1.1214254,-0.86519855,2.3364277,-0.009749863,-0.87762666,-0.33950236,1.4812268,-0.749771,0.84749705,0.14274192,-1.0969495,-0.031063547,0.5112439,-0.46030396,0.49043715,0.76933825,1.1676702,-0.21726483,0.38423932,0.10110588,-0.43585137,3.0624328,-0.56483585,-0.14553218,-0.98165494,-0.6875285,0.8935621,0.38180825,0.87317246,-0.4123925,0.6741654,0.6314265,-0.40945822,-1.0032896,0.656751,-2.8116407,-0.03794348,0.60398114,0.980818,1.2904884,-0.82608783,0.65633506,-0.54812837,0.9442085,0.64724064,0.068540975,-1.4045287,2.2359562,-0.58947474,-0.9848574,-0.92443335,-0.54130584,0.32905298,0.15007494,1.5229812,-0.57747877,0.98864293,0.27649707,1.6727233,-0.47886038,-0.2147039,1.458359,1.0294476,-0.381807,-0.07750484,-0.41209888,1.1715643,-1.9879433,0.21140885,-0.15679385,-0.4647008
-1.423982,1.254606,-1.9495157,-2.3338876,-0.30556437,-1.137869,-0.087407,1.0974557,-1.0332679,-0.5878302,0.4356625,2.2781265,-3.2112715,0.09110264,1.6731645,1.0178503,-1.6184349,0.9514548,-2.6380339,0.19216737,-0.8169259,-0.8265842,2.0910866,1.693709,0.06838178,-0.46434283,0.69329697,0.26261932,-1.0077237,-0.18186612,-1.4131603,0.09164325,-1.2435519,-0.5567904,0.570091,-0.19747192,-0.6893948,-1.4613904,-2.4677382,-2.2872386,2.433242,-0.41478762,1.2861245,0.7843365,-0.32338914,-2.8017282,-0.99865496,-0.5029097,-0.70122206,-0.35737392,0.5703963,0.28585476,0.14064151,0.30469808,1.8399493,-0.7662578,0.18849605,0.51004404,-0.89328516,1.3838257,-0.21733841,-1.5514274,-0.68178767,0.9544531,-0.098273866,0.8912794,0.83658487,-1.7797116,0.62846404,0.4152682,-0.1568674,0.51751757,1.5963806,1.337968,-0.702518,0.1019782,-0.08256475,-0.21673395,2.7637458,-0.6253695,-0.18594728,-0.899643,-0.28152987,0.95242286,0.076810986,1.1078792,-0.4191438,0.21919312,0.73448837,-0.46365,-0.76792467,0.6771708,-2.892117,0.45611224,0.53058934,0.61663467,0.87621886,-1.2935864,0.9842622,-0.48940006,0.9405443,0.4414099,-0.17545444,-0.82673335,1.9737058,0.030481834,-1.0843139,-1.5070595,-0.7195658,0.24654289,0.8036223,1.0485219,-0.45711488,0.30733594,0.2709362,1.9885808,0.693898,-0.5177576,1.7952569,0.64244854,0.05751776,-0.5531332,-0.8785442,1.0174236,-2.3325438,0.44698757,-0.4376442,-0.47084585
-1.6371713,1.2372108,-1.7426672,-2.30754,-0.2041379,-1.1633528,-0.30503294,1.1447514,-1.012276,-0.36357927,0.6753918,2.2849212,-2.794844,-0.001102141,1.4674911,1.1059686,-1.4144309,1.011982,-2.8073087,0.36358303,-0.9922183,-0.64642173,1.5162208,1.4137893,-0.10648767,-0.17788294,1.2068349,0.45144248,-1.0687717,0.21157514,-1.381366,-0.028196996,-1.101516,-0.7000425,0.49448997,-0.3284836,-0.54228747,-1.5804263,-2.3607607,-2.417635,2.5668972,-0.19928245,1.5685073,0.674419,-0.3414539,-2.999678,-1.32164,-0.56659436,-0.68987644,-0.012292672,0.5526389,-0.24762875,0.19217958,0.23527986,1.7408513,-0.53015363,0.49005398,0.24384113,-0.92667115,1.2581567,-0.538974,-1.9238019,-0.7679196,1.1212982,-0.2949435,0.9180404,0.74270654,-1.4869133,0.25573215,0.62109435,-0.32183483,0.027621401,1.6296853,1.2220012,-0.77942824,0.059856173,-0.17408194,-0.18093094,2.6659012,-0.6603457,-0.12755063,-0.8085049,-0.36755612,0.8288102,0.15318175,0.78103226,-0.64280933,0.5869833,1.0627092,-0.042361557,-0.9287765,0.82638836,-2.882021,0.8796555,0.75242335,0.3996463,1.0630728,-1.3167326,0.54597455,-0.6598359,1.3185583,0.7677239,-0.36949113,-1.0436174,2.077853,-0.30621094,-0.5696579,-1.4811757,-0.78033125,0.45000416,1.1542027,1.1420662,-0.5703824,0.10846971,0.09794919,1.8345326,0.58558315,-0.38035575,1.6586975,0.87921023,0.114754796,-0.3630112,-1.0273145,0.900602,-1.8256567,0.47003153,-1.0193329,-0.35107857
-1.7470698,1.4952297,-2.4229937,-1.6738851,0.023509342,-0.940755,-0.1584726,1.1221391,-0.5155466,-0.6528298,0.3067192,1.7117348,-3.0317378,0.15750064,1.9719461,1.4510328,-1.9044553,0.40432972,-2.9106305,-0.3884253,-1.3146731,-0.79515487,2.5779548,1.7164438,-0.22169787,0.25906402,0.8812284,0.616695,-0.6797878,-0.5782178,-1.7248222,0.48436084,-1.4577365,-0.9215319,1.2627984,0.09282259,-0.3756902,-1.4298556,-2.025905,-2.3111818,2.2299304,-0.2726365,0.36716828,0.48604032,-0.48609087,-2.7057683,-1.5526891,-1.2691715,-0.60003173,-0.28809428,0.5537533,-0.04167305,0.107843004,1.0771627,2.1425686,0.22137521,0.2700029,0.32327896,-0.28304106,1.8553779,-0.3951154,-1.2842559,-0.3334887,0.7699521,-0.19164896,0.051987827,1.5040336,-1.6885227,0.6970968,0.21457012,-0.4068335,0.9009459,1.228747,1.0928528,-0.78471774,0.46836656,-0.7036123,-0.19342348,2.5312457,-0.053953264,-0.031203909,-1.1800678,-0.77264297,0.871217,0.2861598,0.08559695,-0.55808854,0.48488343,1.161561,-0.3987232,-1.0428239,1.164499,-2.365403,0.8135679,-0.029322622,0.52136314,0.29756105,-0.66970694,0.80697125,-0.6940975,0.39832303,0.7072763,-0.45350093,-0.9494084,1.6699697,-0.08579855,-1.0056609,-1.0462141,-0.5659355,0.12540056,0.79876846,1.2852943,-0.40671706,-0.03924068,0.24556734,1.7022597,-0.049720686,-0.12255612,1.8349469,1.5191611,-0.2333537,0.16085637,-0.11346329,0.5542207,-1.8736721,0.21410257,-0.90550613,-0.872624
-1.8389857,1.5632292,-1.720896,-2.1174521,-0.3272169,-1.7503076,-0.04349154,1.2319998,-0.6938724,-1.4472532,0.37487987,2.2110405,-2.3235111,0.097073704,2.25284,1.2297049,-1.069587,0.6538109,-2.5671496,-0.38222197,-1.4470055,-0.8596103,2.3396704,1.1846131,-0.27859032,0.04495161,0.42571265,0.4137916,-0.5710806,0.049044162,-1.1566657,0.013214295,-1.3410028,-0.9695936,1.0090988,-0.25393835,-0.59133726,-0.9873041,-2.049315,-2.8915162,2.6706886,-0.6444521,1.1551671,0.6314562,-0.22336589,-3.1438243,-0.5704311,-0.67974234,-0.5797934,0.047212742,0.52617574,-0.1698002,0.68266463,0.37902492,1.7610121,-0.21888351,0.73319703,-0.197748,-0.9345442,1.0928882,-0.78455573,-1.9335966,-0.7447983,0.8973105,-0.31306165,0.0705122,1.098684,-1.7364606,0.39185742,0.50165933,-0.83550483,0.35080233,1.0424672,1.2915691,-1.0147822,0.56596744,-0.30796784,-0.57504463,3.4120712,-0.54831564,0.35801002,-0.46846786,-0.49622548,0.7558664,0.01341282,0.108832605,-0.59638035,0.34309942,1.1509888,-0.10486434,-0.57380414,0.37052786,-2.1276824,0.5436124,0.59950507,0.34728438,1.0067801,-0.5593562,0.7394793,-0.5928019,1.351281,0.8039315,-0.48702008,-0.70193356,1.8687513,-0.15081012,-0.4530033,-1.8458635,-0.78308314,0.06023224,0.96053904,0.5116106,-0.49406305,0.09710147,0.3719192,1.7907294,0.69814914,-0.25566846,2.0300756,1.264687,-0.3581325,-0.05178538,-0.70791495,0.23283441,-2.038641,0.45989785,-0.29191503,-0.1865818
-1.6952801,1.0080448,-1.6700025,-2.3147972,-0.24078597,-1.7986068,-0.49608526,0.840391,-0.77645266,-0.84207726,0.07823342,2.4273918,-2.893949,-0.10073081,1.2989978,1.0136422,-0.53351635,0.9010696,-2.2422059,0.39768612,-1.6026486,-0.9646558,1.3807218,1.7977091,-0.44805384,-0.24128702,0.83180135,0.44429308,-1.1849396,0.047709256,-1.7044489,0.14806914,-1.4138633,-0.39427313,0.22744086,-0.027896646,-0.4240983,-1.3237035,-1.8326093,-2.1046684,2.4182634,-0.78065264,1.7568465,0.7739002,0.06990233,-3.4736006,-1.0129274,-0.4822768,-0.52603734,0.08065845,0.5038479,0.15454973,0.47578788,0.103483744,1.9327817,-0.4839224,0.238762,0.10530545,-0.9382598,1.6311423,-0.66359234,-1.6936606,-0.9260514,1.2361572,-0.28115258,0.9045336,0.38763988,-1.6579182,0.49279195,0.721494,-0.6336055,0.18878323,1.9118437,0.89686877,-0.57213545,-0.021942103,-0.38730994,-0.46901733,3.1783266,-0.69471085,-0.29688972,-0.632207,-0.1936757,0.8361053,0.3509145,0.6299351,-0.6456495,0.6884111,0.7054004,-0.016690237,-0.5132508,0.5461905,-2.9815981,0.628324,0.6824852,0.24332696,1.319221,-1.1600485,0.19028416,-0.21712884,1.3994715,0.48832247,-0.43749106,-1.0362523,2.228486,-0.21268757,-0.88865286,-1.1540172,-0.8595961,0.5765073,0.9368187,1.3627925,-0.40067607,0.093865745,0.22473498,1.7238429,0.87962776,-0.057367764,1.4906696,0.7948221,0.060614213,-0.08143272,-0.8242338,0.7601694,-1.6774657,0.52003276,-0.90354127,-0.16774848
-1.4548242,1.7578545,-1.8319833,-2.1597822,-0.015640428,-1.5625262,-0.5208104,1.1111176,-0.7596051,-1.1342436,0.28075635,2.1378908,-2.0680897,0.28246543,1.6188761,0.98523015,-1.4239761,1.0136627,-2.3919501,-0.15858659,-1.0777081,-0.904076,1.9335319,1.4247556,-0.26936942,-0.0808947,1.015632,0.43875128,-1.016945,-0.17011128,-1.3086889,-0.13788894,-1.6960907,-0.87619376,0.35213706,0.09213436,-0.65056837,-1.4598736,-1.9588007,-2.4660068,2.4156158,-0.45732415,1.6472657,0.37896046,0.10659367,-3.1174812,-0.8315839,-1.0677747,-0.35341802,-0.112645864,0.75095516,-0.363195,0.1818931,0.28487158,1.5724951,-0.48415726,0.6403663,0.40953305,-1.0839963,1.7218981,-0.36506194,-1.5547378,-0.4226096,1.5979707,-0.53456444,0.60964596,0.49900845,-1.7020226,0.28749907,0.44021618,-0.2523474,0.4381627,1.3154436,1.5072706,-0.812038,0.41032413,-0.10810537,-0.5988844,2.646438,-0.9173181,0.21872473,-0.8457508,-0.5955178,1.0831585,0.116716065,0.97361964,-0.915233,0.5373548,0.86489576,-0.018152261,-1.0597805,0.74834293,-3.2405608,0.33870798,0.70853955,0.8558517,0.97191024,-0.43767834,0.7321062,-0.48852807,1.3579422,0.5738425,-0.5168886,-0.6522967,2.0910578,0.06727313,-0.73815304,-1.3669854,-1.1608694,0.27324307,0.55957055,1.2422138,-0.33694267,0.32086876,-0.38330984,1.6612616,0.035357855,-0.5664643,1.5481689,1.274438,-0.054676488,0.019031126,-0.7971379,0.67580557,-2.5908284,0.6415239,-0.59101,-0.090607375
-1.4362311,1.0830169,-1.9751551,-2.110651,-0.3490918,-1.5844053,-0.39460695,1.3382921,-0.8729764,-1.2693787,0.22510922,2.0399325,-2.5029364,0.028869992,1.9398961,1.3419842,-1.3005714,0.9406524,-2.5215747,0.036166567,-1.5289491,-0.8173972,1.875833,1.2394679,-0.6321079,-0.018598836,0.47034347,0.7190638,-1.0530821,-0.052132573,-1.6511403,0.2152436,-1.2923294,-0.7726673,0.57299757,-0.01997499,-0.70685285,-0.98737204,-2.1845431,-2.7537208,2.620641,-0.30174348,1.253561,0.99856025,-0.22672157,-3.1672187,-0.88694,-1.0197775,-0.4854507,0.052669477,0.9473733,0.17178603,0.7024202,0.46471214,1.9331208,-0.41771495,0.46974662,0.29315844,-0.88458556,1.2929816,-0.22183442,-1.8838814,-0.653029,1.1317136,-0.48756176,0.60361314,0.4141913,-1.5930829,0.63921005,0.57085156,-0.5732242,0.39426208,1.614756,1.1887138,-0.9752595,0.015742011,-0.5414661,-0.092205375,3.2193434,-0.7512753,0.24361034,-0.46899405,-0.5190465,0.8857688,-0.15013471,0.6116306,-0.58661765,0.4327535,0.9825624,-0.15761057,-0.9416274,0.8265364,-2.4574656,0.50264174,0.44534406,0.5553811,1.1190023,-0.84910893,0.64046156,-0.5941077,1.2522731,0.39478642,-0.33872965,-0.6238632,2.113711,-0.23543279,-0.93316156,-1.641368,-0.6307593,-0.0053176703,0.81235576,0.98357576,-0.12413116,0.06311479,0.1859258,1.8717903,0.5594663,-0.6156293,1.8561704,0.8934912,-0.13674857,-0.06320313,-0.6686169,0.48694876,-1.9620011,0.33307725,-0.5680113,0.20652114
-0.9764215,1.0492551,-1.6683482,-2.4274879,-0.80911726,-0.7603013,-0.6130064,0.9276814,0.20326373,0.24258076,-0.40622774,2.0951662,-3.4556184,-0.1027779,1.4585019,1.8344316,-1.0484163,0.41716844,-2.5887535,0.7164327,-0.80288255,-0.4668453,1.6159191,1.7236135,-1.0657544,-0.52785254,1.0180401,0.4267397,-1.2671328,0.54633236,-1.6047528,-0.12768315,-1.7086108,-0.9497097,0.5880106,-1.21085,-0.38115847,-1.2216086,-2.5671651,-2.4316962,2.0631433,-0.017535267,1.2963947,0.12043653,-0.3374083,-2.6911268,-1.1671839,-0.4349323,-1.0329565,-0.6937738,1.1816474,0.64861035,0.91026944,0.34560663,1.741617,0.053835846,0.82685757,0.54736525,-0.88335335,1.1081463,-0.9801191,-1.5241731,-0.9029976,0.37086785,-0.85871226,0.7922683,1.4175717,-1.3660331,0.3960141,0.56251884,-0.31892908,0.08087826,1.8311982,0.85102314,0.7359156,0.3762357,0.15152566,-0.0019398197,1.6632969,-0.26960737,-0.39211848,-0.57949,-0.3999076,0.65695083,0.534583,0.4599682,-0.4452279,-0.25627795,1.0743108,0.39353645,-0.99301344,0.41918224,-2.3812366,0.70016307,0.6161462,0.34773052,0.8272482,-0.76309615,0.6058984,-0.59467083,0.9484091,1.4396621,-0.689124,-1.9003063,1.6994714,-0.98985815,-0.61735547,-1.6563947,-0.55723095,0.24862252,0.6137741,1.2488158,0.04144247,-0.13172862,0.09259235,1.8844743,1.0137382,-0.6055396,2.5749924,0.6460704,0.21645582,-0.40528065,-0.3539061,1.0633136,-2.2905962,0.18697657,-0.6174575,-0.6820214
-1.8381048,1.3549134,-2.0141313,-2.244077,-0.649377,-0.9659329,-0.30737716,0.7269144,-1.0940604,-0.8037805,0.28910518,2.2197995,-3.325014,-0.06955066,1.5423964,0.8329647,-1.0217167,1.0118,-2.4982145,0.5215633,-1.3874819,-0.53744173,1.6705555,1.3384403,-0.33400318,0.22243316,0.5958957,0.6948315,-1.3819216,-0.04433305,-1.7775692,0.9331095,-1.3936564,-0.89609,0.32159856,-0.30298072,-0.4936449,-1.145014,-1.2335193,-2.4535272,2.286887,-0.53484404,0.85058415,0.9188475,0.073415,-3.3318655,-0.8491882,-0.65397686,-0.3980406,0.3831542,0.8112004,-0.66922814,0.7648604,-0.25479665,1.7142534,-0.33693504,0.65333915,0.20803665,-0.95242774,1.8388642,-0.039042175,-1.4173516,-0.78091395,0.60321903,-0.81839806,0.76852155,0.36724916,-0.9378177,-0.067095,0.17044933,-0.51969975,-0.016995749,1.4352106,0.58066493,0.55687326,0.49204728,-0.2750908,-0.68765986,3.3165357,-0.9607934,-0.48591042,-0.3840603,-0.45608267,0.6060536,0.3955527,0.43826592,-0.7528572,0.6264323,0.9234488,0.25512192,-0.64574677,0.90465605,-2.849474,0.48158583,0.6635957,0.93492997,1.3771662,-1.17445,0.6506046,-0.653537,0.9731576,0.6432258,-0.2939805,-1.1213322,1.3732256,-0.80980563,-1.1532437,-0.77392805,-0.5163422,0.117560714,0.57948005,1.5437717,-1.3965752,1.043299,0.41537547,2.1877413,0.02233467,-0.2034574,1.6485468,0.5880914,0.026590355,0.1539997,-0.87788606,1.0956609,-1.4059352,0.45171884,-0.11732356,-0.014588592
-1.6669432,1.1157426,-1.9319923,-2.2377484,-0.32546222,-1.6088613,-0.34642246,1.2747625,-0.7844333,-0.5771806,0.14195168,2.2851014,-3.0144303,-0.08947751,1.3699433,1.0684193,-1.0372087,1.1628009,-2.4434693,0.215099,-1.5210567,-0.9195905,1.6435089,1.5663573,0.27140746,0.022589454,1.1939921,0.29227823,-1.1439564,0.0736409,-1.772442,0.103278145,-1.2839704,-0.68007594,0.5452274,-0.29587907,-0.5168264,-1.3269496,-1.9278029,-2.2037349,2.2723522,-0.4820919,1.3813943,0.5530842,-0.15028307,-3.458354,-1.4193623,-0.37203804,-0.32748216,-0.26570737,0.4689135,-0.1131288,0.3418563,0.023082115,1.4549006,-0.2869067,0.68245554,0.36003065,-1.0980275,1.3881643,-0.7873002,-1.8387364,-1.0785763,1.3414168,-0.4657129,0.7855552,0.84717864,-1.6350347,0.08859014,0.5562745,-0.48401147,0.2336915,1.5542316,1.0961697,-0.17957641,0.17563412,-0.2602437,-0.49320132,3.0876398,-0.59192145,0.06732604,-0.7515572,-0.49025616,1.0494008,0.08458068,0.80892444,-0.5647207,0.712177,1.0307285,-0.35961938,-0.33184502,0.6261296,-3.106442,1.1351262,0.55308497,0.51180345,1.2365794,-1.0502053,0.21791613,-0.41501656,1.0293119,0.92602706,-0.38021126,-1.1373729,2.055112,-0.48294678,-0.4981675,-1.0065244,-0.6246551,0.12653078,1.0967871,1.1222954,-0.700649,0.19614792,0.20052393,1.6370387,0.36493424,0.105711065,1.983793,1.0126215,-0.055157445,0.04747033,-0.76735955,0.73996824,-1.4095674,0.30557287,-0.74057615,-0.49041808
-1.5715775,1.4387324,-1.8247702,-2.1930842,-0.28954396,-1.8442675,-0.18584615,1.0895826,-0.7702262,-1.3230952,0.5143176,2.1804855,-2.682444,-0.016178165,1.625393,1.0515424,-1.6040726,1.1938822,-2.564667,-0.36777282,-1.2369293,-0.83794874,2.2990549,1.1817163,-0.074741,-0.068627685,0.5979632,0.12224403,-0.8847767,0.09909258,-1.0707273,-0.20234591,-1.1397563,-0.8306811,0.41447395,0.008073118,-0.5513896,-0.83605754,-2.0547915,-2.3657541,2.4707532,-0.6803781,1.3518182,0.44727665,-0.27897504,-3.1099992,-0.97982544,-0.22604966,-0.3915065,0.049678326,0.6142077,-0.26142856,0.18669394,0.3355235,2.0217366,-0.37531534,0.50171095,-0.048762403,-0.92578787,1.073742,-0.3657213,-1.9217685,-0.8866492,1.0777354,0.1857534,0.7280308,0.7706289,-1.8764212,0.4327039,0.53525084,-0.8971834,0.24735738,1.5190481,1.3057733,-1.0786293,0.24854799,-0.22488609,-0.3351288,3.3947096,-0.75866354,0.26539132,-0.6179785,-0.5090073,0.8423504,-0.10968677,0.15875104,-0.6461441,0.6438312,0.76897717,-0.11295421,-0.54819703,0.5611299,-2.7319925,0.41367963,0.56801414,0.4814533,1.1149616,-0.7842289,0.59724164,-0.52934396,1.2823187,0.68791294,-0.58788276,-0.6486367,1.8275789,-0.27389157,-0.5242911,-1.2497684,-0.60459447,-0.14137419,1.0350857,0.9594995,-0.66177946,0.3183432,0.50520813,1.9166591,0.72268164,-0.26285854,2.0624883,1.5738076,-0.5720214,0.12357096,-0.8519304,0.5699377,-2.0077133,0.1906993,-0.3318056,-0.041192167
-1.5953146,1.5315635,-1.8137895,-2.350759,-0.51973456,-1.6243931,-0.3618143,0.8478459,-0.5186118,-1.065516,-0.013409238,2.1194885,-3.0466032,0.2394416,1.9845332,1.0762521,-1.1456594,0.94029874,-2.4577887,-0.06450341,-1.4473295,-0.8556944,2.110398,1.4302356,-0.44527408,-0.035661668,0.29607755,0.41712633,-0.7128657,0.05727851,-1.5705869,0.1672028,-1.2839326,-1.0745548,0.45822215,-0.30144635,-0.38126954,-0.61623466,-1.9701178,-2.4602876,2.5651875,-1.0663213,1.1104816,0.67479855,0.22046526,-3.4778976,-0.85886407,-0.59306663,-0.4026025,0.23972741,0.4392134,0.26663157,0.56403816,0.3357,1.7710366,-0.44932392,0.27243403,0.40212414,-1.1767334,1.528649,-0.2041521,-1.6529714,-0.84583503,0.9962554,-0.338163,0.6188101,0.36186814,-1.3300762,0.36042473,0.5727745,-0.8419165,0.37739137,1.4542652,1.1152828,-0.6301653,0.35603127,-0.24582542,-0.542949,3.385319,-0.76992095,-0.14547329,-0.59734386,-0.22423172,0.66034305,0.31273413,0.38261133,-0.5240134,0.5049144,0.68014646,-0.2901851,-0.7208779,0.5983749,-2.7418761,0.5036107,0.58552897,0.6764458,1.3578486,-1.2550776,0.8546074,-0.30031568,1.137217,0.45289335,-0.39773652,-0.8922338,1.7529274,-0.32478482,-0.78239274,-1.4236939,-0.5170185,0.017583273,0.6053095,1.2914749,-1.0823708,0.37821493,0.37172246,2.1422575,0.18145776,-0.13645993,1.7612814,0.9734724,-0.39206687,-0.13197882,-0.33402744,0.834568,-1.9668564,0.59712136,-0.055462442,-0.053173017
-1.600598,1.190996,-1.8310075,-2.35196,-0.33248192,-1.7803798,-0.09005212,1.3118107,-1.2445259,-1.2174557,0.0848765,2.3149083,-2.6359696,0.25669417,2.1066315,1.0576117,-0.78529453,0.5679059,-2.4110773,-0.15742317,-1.0418966,-0.800171,2.3511882,1.2829568,0.1608145,-0.42597836,0.20678653,0.22890754,-0.8182732,-0.18737686,-1.2777135,-0.15078768,-1.1616656,-0.9991308,0.6634469,-0.24439096,-0.39812395,-1.1960871,-2.4214973,-2.9483514,2.483572,-0.6077198,1.0177389,0.9071843,0.13081005,-2.9727166,-0.78797513,-0.7002292,-0.28477204,-0.14504933,0.44690436,0.50074106,0.8090255,0.1704428,1.6724136,-0.45691022,0.22772588,0.20632575,-1.0341096,1.6240228,-0.8693391,-1.903596,-0.7065336,0.8168446,-0.2460392,0.100254126,0.87154514,-1.2259802,0.7485623,0.15600237,-0.4629711,0.3420908,1.5373592,1.2883465,-0.9194,0.31301555,-0.025741557,-0.63121206,3.0086777,-0.606786,0.22664188,-0.6918957,-0.47895223,0.7657329,0.012316434,0.49808982,-0.5216033,0.717944,0.95888793,-0.31055725,-0.8073413,0.081143975,-2.232339,0.44478554,0.10115945,0.6122349,1.4745994,-1.3099737,1.2064033,-0.6903506,1.4090643,0.43268338,-0.24290432,-0.55949324,1.9954565,-0.08493983,-0.4254778,-1.9147952,-0.5859747,-0.017556282,1.0173184,0.9961072,-0.33879355,0.23238401,0.43230256,2.0892334,0.20277648,-0.3948037,1.7217375,0.8017417,-0.32307628,0.12036905,-0.80718577,0.69023126,-2.3100746,0.43706015,0.23279075,0.19386406
-1.5722601,1.0607823,-1.6010716,-2.3385153,-0.31729645,-1.6384873,-0.4285788,1.1605042,-0.7545769,-1.0002391,0.0875717,2.4355814,-2.8220053,-0.26461792,1.2901949,0.6216665,-0.65631884,0.9683318,-2.4439282,0.6675924,-1.4147933,-1.0712296,1.3623747,1.702512,-0.28594038,-0.122593254,0.7994085,0.3270032,-1.0586022,0.18742709,-1.5342288,0.3308512,-0.87832856,-0.74220306,0.6366202,-0.57467616,-0.2845127,-0.8436755,-1.408371,-2.4610353,2.1155753,-1.0044261,1.696762,1.2876164,-0.20752668,-3.2706106,-1.0319912,-0.20034805,-0.6686121,0.06521142,0.48268753,0.27124178,0.75640386,-0.16623442,1.5179038,-0.378371,0.6257802,-0.17908981,-1.2113339,1.3257563,-0.980889,-1.9870603,-1.418877,0.7345845,-0.44072667,0.37176558,0.74590564,-1.439348,-0.015251657,0.62200505,-1.0053035,-0.15252413,1.5592084,0.997162,-0.09741666,0.35733485,-0.33178312,-0.35089538,3.665992,-0.6152361,-0.48731393,-0.3777296,-0.016577985,0.5790907,0.52664053,0.6446757,-0.38630033,0.5772783,0.8002254,0.2237225,-0.23936102,0.61444855,-2.71342,1.1525527,0.7532613,0.15886796,1.3355145,-0.92995155,0.21501853,-0.43582246,1.0721692,1.0514733,-0.29977855,-1.2855161,2.2856686,-0.37661493,-0.70966744,-1.469852,-0.90204066,0.44746053,0.97863436,0.6870286,-0.8983378,0.30919167,0.32366458,1.7775867,1.3233693,-0.0656352,1.9334295,0.3430794,0.23276003,-0.37172678,-0.9845081,0.61170393,-1.4825056,0.8053199,-0.96524143,-0.28698304
-1.4281856,1.2945358,-1.6326336,-2.380835,-0.10958457,-1.5224581,-0.23025222,1.0626844,-1.0536002,-0.817196,-0.24676514,2.09281,-2.9773984,0.33676824,1.6808623,0.77484876,-0.34917006,0.49647823,-2.914996,0.19600712,-0.8195652,-0.42646068,2.152814,1.4277627,-0.33250466,-0.50611293,0.64876163,0.38964012,-0.94276756,0.18916583,-1.577485,-0.2526461,-1.5252542,-0.87311965,0.45795718,-0.05505761,-0.19404295,-1.5668485,-2.6610582,-2.5668354,2.6936162,-0.32829022,1.0162212,0.85709316,-0.09039335,-2.5907063,-1.0739303,-0.9655796,-0.5316325,-0.18311162,0.1797119,0.46802154,1.0002663,0.37551445,2.192689,-0.38370764,0.27721083,0.6081745,-1.0100443,1.2967525,-0.4898683,-1.5956814,-0.73439735,0.95399934,-0.6411406,0.3808702,0.68063796,-1.2343129,0.85955095,0.2771632,-0.38686308,0.53178006,1.219443,1.4032838,-0.5616852,0.44079745,-0.082813434,-0.67225903,2.7122567,-0.37164477,0.06787873,-0.8705406,-0.51025337,0.6266537,-0.029298333,0.354793,-0.43789268,0.55979854,0.724322,0.08387742,-0.9204983,0.3337723,-2.955789,0.52817917,0.5013749,0.96490806,0.72096634,-1.4461747,1.0546118,-0.52784497,1.1635957,0.72555214,-0.10529772,-0.634438,2.080033,-0.24422768,-0.8470724,-1.8528599,-1.0219098,0.2999659,1.1456826,1.2288105,-0.32957768,0.065616265,0.32100686,2.0649457,0.2072792,-0.5209103,1.6264236,1.0865409,0.021009358,-0.3280195,-0.42655185,0.47837695,-2.1443987,0.52575076,-0.3601969,0.0063975262
-1.8207496,1.3488653,-1.9222237,-2.0466154,-0.157045,-1.5474124,-0.0082928585,1.3553216,-1.1280727,-0.9494297,0.53086525,1.8874917,-2.565406,-0.09952971,1.7648228,1.0928159,-1.4837627,0.9567668,-2.6498363,-0.3623122,-0.9309982,-0.6463763,2.1234653,0.994766,0.038947526,-0.24876775,0.57938623,0.46282625,-0.79503065,-0.12702064,-1.5399296,0.23150875,-1.3274571,-0.7385985,0.72355306,0.19199924,-0.27097794,-1.3896743,-2.4173422,-2.4952185,2.550934,-0.3840598,1.2222906,0.9496548,-0.17346895,-3.0322998,-1.3348976,-0.7171401,-0.41631597,-0.16255558,0.26641586,-0.24685262,0.20309205,0.3764,1.762428,-0.392994,0.5873211,0.18391742,-0.820618,1.1430088,-0.37465778,-1.8589995,-0.7300168,1.1746647,-0.18802688,0.72279817,0.74002004,-1.6241124,0.7170453,0.6626529,-0.48432967,0.22295754,1.382043,1.3935876,-0.8227308,0.19684866,-0.38177407,-0.52021414,3.090081,-0.7406343,0.14093134,-0.700259,-0.6480072,1.0383893,-0.13101445,0.5069474,-0.60176945,0.7038725,0.98371655,-0.7586766,-0.46371996,0.65969795,-2.8671832,0.6788707,0.4013626,0.56491745,1.0819609,-1.3422222,0.6157404,-0.6081595,1.3137391,0.5215048,-0.341244,-0.44207165,2.0330577,-0.065364346,-0.6283484,-1.3418052,-0.79065186,0.1711104,1.0628945,0.87589806,-0.58975214,0.29538262,0.39027607,1.9827453,0.2448845,-0.105456114,1.7255021,1.3427007,-0.059769645,0.03277041,-1.1059798,0.6310789,-2.024484,0.226954,-0.11833102,-0.15610375
-1.6564822,0.94332,-1.8648142,-2.4831383,-0.29239288,-2.0247986,-0.24883167,1.4757419,-0.6549556,-1.671852,0.47958237,2.3265352,-2.110196,-0.15845746,2.0883045,0.5591456,-0.8471288,0.918148,-1.5095991,-0.43649724,-1.6223129,-1.1464951,1.8601992,1.2866992,0.13767429,-0.49007398,-0.010972152,-0.049827334,-1.0748448,-0.40884617,-0.9470203,0.19541517,-1.3456053,-0.5202439,0.8853327,0.015240133,-0.7627485,-0.42230988,-1.7108887,-2.8497097,1.9310765,-1.0735121,2.0340009,0.7105398,-0.4927793,-2.8928368,-0.9986085,-1.107286,-0.65855074,-0.06986925,0.6514746,-0.3213629,0.87060183,0.5934848,1.6481969,-0.60017943,0.84926945,-0.4596616,-1.2570605,0.81700003,-0.8980715,-1.4569592,-0.615667,1.2443681,-0.14495754,0.2626361,0.7710911,-1.2102141,0.42876163,0.55542606,-0.8903285,0.58923686,1.4222813,1.647507,-1.3262099,0.34640744,-1.0562757,-0.92404664,3.6494665,-0.6518013,-0.028627083,-0.000605612,-0.08448861,1.2172736,0.24874519,0.13828686,-1.100307,1.267039,0.5790884,-0.38269794,-0.5210487,0.42416182,-2.326556,0.5526354,0.25911865,0.5615711,1.1094,-0.18389806,1.0180438,-0.28254825,1.2960668,0.61171144,-0.022000084,-0.21918413,2.673287,0.33766672,-0.43173215,-1.6292762,-0.81476104,-0.0021695816,1.3923448,1.2044115,-0.08833346,0.067161776,0.064533584,0.90749234,0.38747075,-0.57809645,1.5726107,0.41986954,-0.07639205,0.21443376,-1.1140916,-0.026033787,-2.28579,1.2513456,-0.35151246,0.65836436
-1.5412549,1.1705923,-1.9059001,-2.2641766,-0.4548053,-1.2972708,-0.3041487,0.7804129,-0.77965903,-0.85948896,0.21140447,2.1229947,-2.774425,-0.0319351,1.4789422,1.3660027,-1.1289308,0.82707727,-2.5058677,0.27883852,-1.4645985,-0.57114124,1.7205424,1.4503516,-0.490198,-0.33979234,0.8602499,0.7540629,-0.8960673,-0.2893683,-1.7955207,0.26866543,-1.0451257,-0.63534576,0.39286757,-0.13610083,-0.28685477,-1.0513601,-2.0541697,-2.5718815,2.4911075,-0.5996862,1.2590737,0.8901474,-0.23727484,-3.3665726,-1.2398051,-0.3842481,-0.70247716,-0.03325567,0.48513246,0.21730205,0.58619606,0.07002842,2.0694084,-0.15583873,0.51939225,0.073658586,-0.7694183,1.3346385,-0.109767064,-1.7450135,-1.0056072,0.92887574,0.006705897,0.5618532,0.48077172,-1.6589893,0.5157323,0.69617003,-0.7004087,0.1990933,1.7580435,0.93516886,-0.64042056,0.19670688,-0.38729972,-0.50972414,3.1946251,-0.8639675,-0.27555323,-0.48331386,-0.39198953,0.6567162,0.4181114,0.5685107,-0.35144794,0.5027638,1.2361271,-0.112082325,-0.56963336,0.78996074,-2.7952237,0.78363067,0.7989243,0.25589377,1.5310004,-1.314084,0.4063254,-0.62388223,1.2118218,0.48044893,-0.36393955,-1.0519881,2.1146934,-0.45408043,-0.7714685,-1.4724839,-0.8491213,0.38116276,1.0981988,1.1634588,-0.69990844,0.27138135,0.45089185,1.8574828,0.7173949,-0.25988892,1.8003962,0.8364793,-0.13845086,-0.19961487,-0.57902586,0.6633045,-1.5642029,0.2815359,-0.8199526,-0.5103438
-1.5772793,1.5153055,-2.060637,-2.3637276,-0.7674963,-1.2271376,-0.20984694,1.155904,-0.7310441,-0.8898418,0.09188857,2.3802705,-3.1737084,-0.2205387,1.8248628,1.1732986,-1.1112895,0.93228674,-2.351907,0.2728894,-1.1036555,-0.5444754,2.264665,1.436388,0.20168255,-0.05962222,0.024116699,0.4233266,-0.86324316,0.08742633,-1.357512,0.38725784,-1.0200667,-0.8749318,0.40626538,-0.16790208,-0.76842624,-1.096185,-1.6070396,-2.4055552,2.2538838,-0.7155337,1.4259639,0.6770132,-0.13776122,-3.2262945,-0.81902045,-0.43057287,-0.3983199,-0.0015487623,0.7855104,-0.66261524,0.508119,-0.32280487,2.112236,-0.5671224,0.76374495,0.28518638,-1.0295411,1.7230071,-0.6599144,-1.4122379,-1.1254148,0.56689507,-0.35861132,0.69170934,0.40533534,-1.2329327,-0.08289834,0.42500633,-0.59869444,0.46232337,1.5558951,1.1003684,-0.24653326,0.41638303,-0.2871945,-0.78275424,3.4274263,-1.2567774,-0.4199481,-0.17555039,-0.21748078,0.7582995,0.45462105,0.42831615,-0.6234047,0.7027389,1.2295635,-0.41932648,-0.5745874,0.41290203,-2.63204,0.5763626,0.2729523,0.48300052,1.1723615,-1.1869354,0.32565126,-0.55645114,0.95836365,0.50284415,-0.4168762,-0.5952323,1.7390898,-0.22559896,-0.979106,-1.410792,-0.91191375,0.16342868,0.8694933,1.4496557,-1.2590524,0.5477144,0.35956842,1.9237459,0.26915318,-0.027104337,1.7353002,0.9093356,-0.11410242,0.07255527,-0.81823033,0.7638315,-1.7990371,0.37137303,0.07017789,0.085124604
-1.6471536,1.4588951,-2.0686126,-2.0179613,-0.4457051,-1.4411116,0.11796718,1.0704658,-0.3258917,-0.7935906,0.038904827,1.6455009,-3.0566978,0.14764741,3.0259757,1.1840913,-1.3719102,0.5355401,-2.772503,-0.39104587,-1.023411,-1.1299638,2.290732,0.83781475,-0.43820193,0.009325831,0.12503698,0.66718876,-0.78125834,-0.02945163,-1.650651,0.89615136,-1.0356677,-1.4589477,0.8834738,-0.33659148,-0.045162126,-0.7939397,-1.833738,-2.6728592,2.327502,-0.30176932,0.48556837,0.61876684,-0.25424752,-2.9546323,-1.3211815,-1.3625587,-0.66577095,0.003133223,0.5544267,-0.2047682,0.8328996,1.1041787,1.9665565,0.19816586,0.45324278,0.20047027,-0.6675034,1.577947,-0.34576595,-1.2815096,-0.47155577,0.34029132,-0.59977216,0.016923307,0.57505554,-1.2543515,0.63588303,0.4342448,-1.0939679,0.6826237,1.1166395,1.4432266,-0.53792286,0.5810238,-1.0711282,-0.27791315,3.3039153,-0.6756512,-0.10477148,-0.9749249,-0.38628948,0.5189126,0.8168418,-0.2629949,-0.8516792,0.86344767,1.2913173,-0.3871356,-0.7823392,1.1103519,-2.1784415,0.43904066,-0.078588486,0.9304355,0.81630594,-0.32503083,0.78787696,-0.87858325,0.33730197,0.6595135,-0.4711259,-0.46054345,1.6729437,0.1706191,-0.7639701,-1.8201042,-0.79778385,-0.0706447,1.1106018,1.2145778,-0.8387918,0.015008,0.44124806,1.5305116,0.24371523,-0.21535593,1.5823053,1.330917,0.30979297,0.26426268,-0.027038349,0.12058612,-1.5663625,0.5195165,-0.33567134,-0.5133541
-1.7119907,1.4234172,-1.9008424,-2.4549024,-0.5191915,-1.8777328,-0.51028967,1.3392009,-0.35342908,-0.8085217,0.6481319,2.2075777,-2.6173422,-0.032258317,1.2632866,0.92809826,-0.6943169,0.99292743,-2.300216,0.0033362617,-1.2613184,-0.5843417,1.5285085,1.2298641,-0.22374746,-0.5223277,0.67721826,0.20748073,-0.8125803,0.0034198642,-1.6798134,-0.13005248,-1.320764,-0.6643456,0.2709892,-0.38712057,-0.52469546,-0.9180463,-2.533382,-2.4025164,2.5215378,-1.1138233,1.7966275,0.43409717,0.086941086,-3.4552536,-0.8135585,-0.37822688,-0.4925027,-0.29686502,0.5486403,0.01075472,0.40311676,0.19870345,1.963085,-0.65023077,0.5681712,0.3609156,-1.0899577,1.1280502,-0.34409082,-1.8811132,-0.9623425,0.99901617,-0.38851932,0.8889547,0.6470913,-1.137302,0.46636894,1.0083688,-0.6509556,-0.16349836,1.6207235,0.9304797,-0.71367955,0.1471511,-0.108838044,-0.625446,3.1699188,-0.8483987,-0.062819205,-0.2573958,-0.06314765,0.94913256,0.34585556,0.5707267,-0.38978177,0.5294164,0.7357272,-0.43153343,-0.8339418,0.70058167,-2.8189752,0.7430484,0.7534169,0.22658205,1.6437948,-1.0217887,0.5007237,-0.263453,1.1417075,0.5248152,-0.4880614,-1.061853,2.095243,-0.5067792,-0.6746786,-1.2770512,-0.65067375,0.23036174,0.97033733,1.1176225,-0.78238213,0.40861136,0.2242071,2.0201468,0.38601676,0.014226538,1.7616885,0.786064,-0.6296784,0.15945217,-0.76878184,1.0565438,-2.2653155,0.6341838,-0.05976468,-0.15139721
-1.3478794,1.4173526,-2.3493917,-2.2033284,-0.15714608,-1.0115206,-0.8987993,0.641702,0.24002531,-0.4823788,0.28517437,2.000501,-3.1795354,-0.07379215,2.1753278,1.1064081,-1.7011541,0.34842077,-2.0089083,0.19024721,-1.056701,-0.9417013,2.8310316,1.6130477,-0.21026364,0.116030425,0.35656777,0.67573553,-1.1179829,0.29468238,-1.4194007,0.40343794,-1.425146,-0.6440823,1.0394051,-0.53081125,-1.1606276,-1.3999193,-2.4418106,-2.6163778,1.8266426,-0.23233765,1.2707618,0.9318927,0.51953256,-3.3814826,-0.89678377,-1.1629282,-0.5122941,-0.3925321,0.6264225,-0.46665317,0.9790865,0.6337694,1.492579,-0.37142438,0.62382275,0.8970067,-1.3002527,1.5868967,-0.5233646,-0.75131583,-0.8529046,1.3621144,-1.3444086,0.6380737,1.3656946,-1.5864826,0.35866752,0.39294577,-0.1050261,1.0348665,0.98271066,1.2309953,0.0035955622,0.6584446,-0.28921288,0.18337849,1.8841244,-0.38139918,-0.43988186,0.05210799,-0.24073787,1.0282407,0.26364872,0.6142407,-0.9625754,-0.13263792,1.1636842,0.42458257,-0.9388924,0.7013487,-2.3471432,0.23377794,0.37114432,0.8787303,-0.043937456,-0.45091963,0.5338583,0.030165708,0.37972066,0.46229082,-0.4254864,-0.93074685,1.3869749,-0.16045389,-1.3300021,-1.4529312,-0.87296635,-0.23606668,-0.085352495,1.4038535,-0.4549553,0.33726293,-0.67340255,1.8705692,0.16707054,-0.29077888,2.103933,0.51914895,-0.27419823,-0.22163285,-0.51756275,1.3529657,-3.0108838,0.61059403,0.20501813,-0.2719763
-1.6922619,1.3191398,-2.0978377,-2.113787,-0.5245972,-1.1841351,-0.42043534,0.5769604,-0.8762419,-0.55259544,0.22229692,2.1290112,-3.0254154,-0.12260698,1.2382934,1.2484876,-1.4713424,0.9560354,-2.24297,0.47293034,-1.7254701,-0.6975296,1.3966179,1.4002372,-0.30637583,0.004510714,0.7708499,0.78586316,-1.4668069,-0.11044727,-1.876285,0.76035774,-1.2185044,-0.8271291,0.5832363,-0.13405882,-0.21870635,-1.098792,-1.5864769,-2.4876971,2.2175834,-0.34615132,1.240047,0.88788027,-0.18513586,-3.7056139,-1.1864026,-0.58452004,-0.5166949,0.23796222,0.74361384,-0.23214431,0.3000769,0.0909559,1.5713836,0.1411227,0.54003984,-0.0076821744,-0.8740196,1.6324747,-0.2458624,-1.5027062,-0.8530691,1.1469687,-0.47875085,0.72283465,0.4309084,-1.6549792,0.102251455,0.22722146,-0.527845,0.13315713,1.7486966,0.6778917,-0.22629361,0.16064323,-0.4231128,-0.31961364,3.2263036,-1.0045191,-0.13939278,-0.70630175,-0.4328661,0.71252126,0.5348376,0.36963764,-0.76439315,0.8414468,1.263453,-0.14940535,-0.60270566,0.98300815,-2.7009075,0.8114345,0.72075135,0.40601087,1.5920454,-1.191129,0.46805096,-0.48789206,1.2014148,0.5216125,-0.16423571,-1.2326665,1.957903,-0.5240089,-0.8731038,-0.88041145,-0.5189029,0.26683167,0.84313726,1.735726,-1.1213528,0.3013652,0.30049756,1.8031464,0.5127034,-0.08416509,1.6997209,0.744762,0.16604255,-0.07060074,-0.90830547,1.011076,-1.1211886,0.19784425,-0.7801134,-0.25563732
-1.6731122,1.1576554,-1.9766783,-2.0505803,-0.42231876,-1.5116942,-0.27866465,1.0482413,-0.9226627,-1.1948948,0.11196579,2.2549856,-2.748525,-0.033564083,1.9496498,1.0727801,-1.4578601,0.9754384,-2.2943873,-0.49114093,-1.0384598,-1.0313777,2.2827659,1.3122568,-0.17624028,0.1669883,0.516907,0.41575563,-0.89554614,-0.2591145,-1.3821532,0.41287833,-1.5261692,-0.6960209,0.80737525,-0.20381834,-0.80650586,-1.2292061,-2.3579803,-2.6537883,2.5679483,-0.40491062,0.9399793,0.84661573,-0.1019486,-3.332925,-0.75990623,-0.70122623,-0.3544759,0.084725656,0.40608034,0.09558226,0.5558074,0.07847264,1.3096714,-0.51723194,0.36782086,0.73575276,-0.79391366,1.0894428,-0.4380721,-1.7774678,-0.5138866,0.93921936,-0.24877606,0.7401969,0.6734153,-1.8840668,0.29026446,0.48950946,-0.27254602,0.45050412,1.6365782,1.2984854,-0.7378318,0.37452736,-0.15439267,-0.62232465,2.9826095,-0.87955695,0.24419044,-0.81069654,-0.25581932,1.1250703,-0.15867761,0.75308424,-0.620463,0.3999225,1.151085,-0.106590845,-0.7958357,0.5597308,-2.5077791,0.66157675,0.5873378,0.87448037,0.95952755,-0.9265405,0.9875151,-0.60097426,1.1211218,0.5241432,-0.4620329,-0.86075366,1.6061956,-0.2049272,-0.84994835,-1.4780618,-0.29863042,-0.10807714,0.63594943,0.9756763,-0.70530176,0.49097288,0.4034834,2.0643044,0.56863314,-0.028315464,1.9966638,0.96807575,-0.23450948,-0.14384556,-0.84172654,0.66202056,-2.1142201,0.30277374,0.12592614,-0.3579218
-1.4232494,1.5517224,-2.2156844,-2.2718418,-0.70411825,-1.5964558,-0.53537005,0.86099213,-0.63089544,-1.0034161,0.42542115,2.2961376,-2.6670954,-0.05068837,1.7710403,0.7435431,-0.7913847,0.7731336,-1.6620114,0.02197166,-1.2295766,-0.97188836,1.859857,1.4463488,-0.19307661,-0.31971443,0.83369535,0.29774478,-1.3354951,-0.37014717,-1.3518269,0.39372668,-1.6484278,-0.34943703,0.67642826,-0.015139633,-0.45710558,-1.3409564,-1.8972543,-2.7168179,2.280542,-0.5486726,1.2975979,0.48635703,0.3719828,-3.6245108,-0.5544838,-0.57363373,-0.49962234,-0.26810405,0.91948694,-0.3804089,0.30931956,-0.05176815,1.7209414,-0.47377577,0.48481444,0.13081186,-1.0319397,1.5968275,-0.79364055,-1.3660752,-0.5700931,1.0983394,-0.7304378,0.58444315,0.71303004,-1.7692125,0.036984127,0.51128054,0.06033888,0.3589646,1.7594546,0.9402055,-0.32931075,0.63341004,-0.55708194,-0.931343,2.987267,-0.9443082,0.25644043,-0.6097607,-0.18465795,1.1101335,0.4871126,0.66745055,-0.981912,0.55242985,1.0400589,-0.47706702,-0.75289536,0.6345993,-2.9821398,0.57945424,0.39320442,0.4100882,1.232701,-0.5846697,0.85044634,-0.29916778,0.9010528,0.53029627,-0.38214016,-0.90220517,1.7660117,-0.26574373,-0.8202319,-1.0992568,-0.84650356,0.27651772,0.5854338,1.1649938,-1.1249607,0.52333266,-0.08617098,1.7430968,0.7403713,0.24477941,1.4979331,0.9118944,-0.1329931,0.21957354,-0.88281184,1.0927492,-2.6081817,1.0673056,0.11213065,-0.38372537
-1.7193637,1.2056324,-1.9988723,-2.0986629,-0.3480293,-1.2430384,-0.07509819,1.2121949,-1.0741819,-0.66113055,0.5606541,1.9373282,-3.0013385,-0.03055234,2.0572853,1.2394845,-1.3791921,0.7610823,-2.3599393,0.017903246,-1.4131968,-0.7702934,2.2341635,1.3918569,-0.0764894,-0.24271967,0.83144706,0.24718669,-0.95304704,-0.2518394,-1.6944625,0.2159172,-1.3390888,-0.944413,0.74976015,-0.13598683,-0.28300735,-1.1935264,-1.8508004,-2.7500873,2.3799148,-0.5008848,0.90118456,0.64604723,-0.2648832,-3.2227154,-1.244077,-0.6735479,-0.8796919,-0.03319104,0.42096967,0.039060973,0.58401996,0.1706956,2.1601233,-0.019933842,0.38578385,0.14100516,-0.6099264,1.5253738,-0.12993239,-1.5910321,-0.76679695,0.8672304,-0.11990933,0.105540425,0.74877596,-1.5423589,0.40848437,0.099932134,-0.69747174,0.48607823,1.255082,1.1721349,-0.43220046,0.1976244,-0.31877875,-0.445384,3.3459659,-0.46187076,-0.10954473,-0.9043783,-0.745569,0.6474243,0.34420988,0.30454364,-0.6334563,0.34832254,1.1642749,-0.15506372,-0.6814707,0.79466003,-2.6683886,0.767385,0.41250345,0.23061405,1.7211522,-1.144843,1.014651,-0.72758126,1.1579632,0.45477095,-0.54117507,-0.9330862,1.698751,-0.17852427,-0.45075274,-1.4100453,-0.5860391,0.19474243,1.0841823,1.0331918,-0.40889168,0.5570713,0.58498,1.8948889,0.2031776,-0.30805123,1.880576,1.0973054,-0.33612248,0.04608259,-0.7038999,0.7475273,-1.5950019,0.083525255,-0.40805715,-0.2813092
-1.281863,1.0919024,-2.0825753,-2.4451616,-0.96032554,-1.2954981,-0.6049023,1.43023,-0.82724833,-0.4329722,0.36254725,1.9703412,-3.366164,0.07029046,1.9537961,0.8648909,-0.82410717,0.8952449,-2.3890717,0.06077817,-0.8308387,-0.8383008,2.1579628,1.5752506,-0.46979487,-0.25987232,-0.053112827,0.48175675,-1.1952004,0.1829194,-1.2364162,0.46842176,-1.0736444,-0.91511977,0.36311266,-0.23420538,-0.114360854,-1.1121329,-1.7443119,-2.628693,2.6066892,-0.5830496,1.4057072,0.93483454,-0.02296766,-2.9085233,-1.1380298,-0.6664527,-0.61508584,-0.12824304,0.76795167,0.18196976,0.8344427,0.06942184,1.8828253,-0.99177253,0.43056604,0.5740026,-1.0553367,1.0651426,-0.14961725,-1.7126201,-0.8017842,0.700905,-0.49143437,0.65749335,0.58050925,-1.5395751,0.5607332,0.4740565,-0.269027,0.79645723,1.7116419,1.2842377,-0.68042934,0.1361409,-0.30093032,-0.17842534,2.8761432,-0.606407,-0.10958032,-0.41392645,-0.34680513,0.99531263,0.11580534,0.51334107,-0.6328567,0.83976585,0.5755219,-0.3483661,-0.4587623,0.63329154,-3.0673325,0.6219326,0.14792044,0.91221,0.67174566,-1.1402329,0.79565746,-0.39290178,0.86359674,0.21826637,0.02926417,-0.7671172,2.0920632,-0.087569565,-1.1751269,-1.7801629,-0.6400795,-0.09193568,1.1339298,1.1194718,-0.7903858,0.03279343,0.17611788,1.9437667,0.22158363,-0.16802534,1.4779916,0.5945003,-0.02418632,-0.1232972,-0.7035659,0.94635534,-2.398061,0.55653167,-0.2835221,0.31756598
-1.8866295,1.6153166,-1.717238,-2.150937,0.02596628,-1.4967237,0.005274149,1.1731422,-1.1128776,-1.0146625,0.37607482,2.0076935,-2.588821,0.08426011,1.662514,0.8521359,-1.3337504,0.80600244,-2.701132,0.0018305653,-0.89830023,-0.43602005,2.216176,1.0228714,-0.048163656,-0.57708955,1.0916073,0.085457414,-0.687236,-0.31569272,-1.477245,-0.3321182,-1.302078,-0.8593256,0.80455154,-0.16173108,-0.31847483,-1.1139388,-2.721263,-2.7010028,2.630268,-0.6170468,1.050007,0.6163565,-0.14996855,-2.5259092,-1.2171248,-0.6164395,-0.7128631,-0.13564597,0.3602564,0.105709374,0.5108247,0.42772263,1.7108392,-0.089231625,0.40993485,0.32667235,-0.91592026,1.3729831,-0.59948057,-1.965478,-0.69636583,1.1504235,-0.36080864,0.38660264,0.71033883,-1.3712101,0.47018954,0.3514702,-0.4102075,0.023626247,0.94159764,1.4492136,-0.85442173,0.2051832,0.17816547,-0.7473482,3.2992327,-0.68060017,0.20755826,-1.0418726,-0.4833827,0.6695522,0.013864739,0.303425,-0.57655495,0.5419439,0.93891054,-0.22035463,-0.9696325,0.49651703,-2.5431168,0.6188408,0.38286653,0.3054803,1.5193657,-1.459813,0.90535134,-0.7463384,1.5158435,0.8173058,-0.19285648,-0.5945379,2.0011299,-0.28894046,-0.28623596,-1.5074881,-0.8628474,0.40330732,1.2367787,0.7736194,-0.5797196,0.3827391,0.576145,2.0040863,0.32159323,-0.38618696,1.7680366,1.5799385,-0.15312696,-0.11178835,-0.8365274,0.6348043,-2.012911,0.4147982,-0.19124472,-0.20608756
-1.5478106,0.568565,-1.9249394,-2.3107252,-0.49605432,-1.6066872,-0.33980438,0.88832897,-1.2190189,-0.7963297,0.53017044,2.3835688,-2.8139384,0.13089326,0.84273434,0.4107859,-0.90764743,1.4024347,-2.3587399,0.33020884,-1.7665567,-1.1804941,1.4409604,1.6302946,-0.13337323,0.16442941,0.614703,0.58175707,-1.2544295,-0.21731949,-1.569875,0.4344728,-1.0506891,-0.49710014,0.019254286,0.20016481,-0.32863212,-1.472294,-1.5362171,-2.1836343,2.5642111,-0.5160027,1.6287173,1.0782735,0.10067086,-3.3566008,-0.99126077,-0.15124917,-0.3857468,0.015355267,0.7800579,-0.043190088,0.20677023,0.21929222,1.6954755,-0.670405,0.037722405,0.10003462,-1.0320654,1.7768422,-0.49181643,-1.6693641,-0.70686805,1.1154488,-0.55205196,1.0122666,0.2199826,-1.4837363,0.18004724,0.17972852,-0.3406454,0.19714716,1.9402008,1.0482756,-0.5976434,0.14020208,-0.4236451,-0.35469505,3.1984334,-0.58513093,0.13408263,-0.7272649,-0.08202312,0.9832611,0.14211158,0.4542788,-0.84383845,1.0667925,0.48888212,-0.13079812,-0.62546384,0.4917264,-3.3991578,0.74938166,0.6203457,0.46062204,1.207571,-1.0207957,0.5035608,-0.28441864,1.2173742,0.57150567,-0.052003045,-0.78370726,1.9609252,-0.2495346,-1.2186035,-0.9668353,-0.81243557,0.32404098,0.7389922,1.6269765,-0.8535085,0.3510075,0.15886866,1.8158756,0.55385447,0.08061303,1.4092997,0.50100726,0.09547507,-0.05597543,-0.72228307,0.7636795,-1.962734,0.73974925,-0.85981643,0.38112748
-1.2413955,1.4804053,-2.0512602,-2.2343595,-0.39048204,-1.3667381,-0.6271559,1.1999636,-0.47858748,-0.92488223,0.3487335,2.187311,-2.9821377,-0.11419219,2.1631596,1.118745,-1.3284409,0.844238,-2.5513449,-0.037465103,-1.2475026,-0.6349373,2.065578,1.0965551,-0.3255247,0.21382822,0.6749784,0.25002876,-1.1226947,0.35938406,-1.1063986,-0.122873336,-1.3023658,-0.90893835,0.45227125,-0.58029294,-0.8472961,-0.950217,-2.1887803,-2.4804173,2.4067464,-0.563651,1.217044,0.46378997,-0.25256404,-2.9658673,-0.870993,-0.49267837,-0.8436375,0.36759448,0.5872192,-0.14962725,0.5176711,0.003907318,2.052638,-0.5001832,0.54061097,-0.013196229,-1.0825332,1.5209186,-0.43045935,-1.6528697,-0.8971817,1.016708,-0.4045588,0.73251915,0.66416705,-1.2174305,0.2928224,0.7456737,-0.9069779,0.27953997,1.5396069,1.5890458,-0.5208326,0.397248,-0.5054859,-0.43634984,3.2582924,-0.69577414,-0.0014951049,-0.4176948,-0.39873227,0.46729153,0.04755695,0.23371209,-0.47030503,0.5335616,1.1785811,-0.29352346,-0.91516227,0.6961848,-2.4723837,0.2647315,0.59813213,0.67326766,1.138253,-1.2129114,0.8154369,-0.5509738,1.2743744,0.76641124,-0.6813441,-0.8691898,1.6017419,-0.44916984,-0.65893334,-1.5283756,-0.312674,-0.20472285,1.043448,1.3418818,-0.85181856,0.32389498,0.37025017,2.2481542,0.29789397,-0.41194588,1.7994194,1.3302202,-0.3455199,0.08323644,-0.70151496,0.73393846,-2.0142143,0.15024294,-0.3776656,0.17656806
-1.6417211,0.9849254,-1.7924621,-2.2450562,-0.18042123,-1.9631661,-0.455934,1.1776024,-0.48946738,-1.5122228,0.322021,2.355981,-2.3398802,-0.09598009,1.561069,0.8895843,-0.97134906,1.089271,-1.9582644,-0.32349053,-1.5377192,-0.93344116,1.9037606,1.1137627,-0.1795969,-0.30633485,0.54952574,0.06159386,-1.0188049,-0.28853437,-1.6695788,-0.0666378,-1.2525963,-0.761586,0.8181944,-0.107914,-0.56356025,-0.6004947,-2.2373292,-2.5003731,2.319161,-1.1065097,1.7797699,0.59218633,-0.21936966,-2.9990156,-1.2117217,-0.543487,-0.70982975,-0.19301757,0.54883605,0.07027232,0.6500253,0.33287233,1.9621323,-0.2555948,0.66560805,-0.18596782,-1.0808138,1.0128863,-0.84085345,-1.9059834,-0.93581784,1.0664548,-0.19903046,0.6283227,0.95267814,-1.4293414,0.5457205,0.7207314,-1.0190979,0.35237277,1.7800407,1.4733404,-1.0391383,0.017754287,-0.6645837,-0.9587039,3.6169012,-0.52478015,-0.19978486,-0.3180282,-0.09147388,0.9059471,0.17392907,0.41251373,-0.6788406,0.7060202,0.5510695,-0.30500302,-0.4681144,0.47845253,-2.343409,0.64684165,0.5279185,0.43821594,1.5162985,-1.0155936,0.7317709,-0.44262516,1.4982277,0.82267475,-0.4552366,-0.7356588,2.4190114,-0.082816996,-0.37777126,-1.416333,-0.77540207,0.16766888,0.9129409,1.1733934,-0.018871633,0.3178704,0.37881303,1.4669164,0.6569329,-0.23375502,1.8538904,0.80611235,-0.32779804,0.39746562,-0.8697367,0.08766213,-1.9174625,0.83201987,-0.42572126,0.1904448
-1.498569,1.5672613,-1.9990582,-2.1848323,-0.31138468,-1.5745258,-0.3663183,1.0821958,-0.692759,-0.9211744,0.5344561,2.2144008,-3.0662656,-0.33362538,1.554914,1.3457768,-1.2302345,0.7731409,-2.5440965,0.5239253,-1.2566088,-0.7110963,1.6568885,1.4806944,-0.33183613,-0.29546735,0.7800119,0.4699039,-1.0222887,0.094099276,-1.6217047,0.13718787,-0.938734,-0.6115735,0.55850345,-0.3167388,-0.31417504,-1.2020664,-1.4833483,-2.4146109,2.2899172,-0.5854506,1.6255054,0.9835099,-0.21172974,-3.3622203,-0.9976194,-0.47304848,-0.6190261,0.20909792,0.666392,0.13642962,0.40953857,0.002820765,1.9474665,-0.044149373,0.61631,-0.29228145,-0.8126498,1.3410573,-0.2725987,-1.7765684,-1.1134739,0.8279514,-0.16665992,0.50758356,0.8711484,-1.4568125,0.3761171,0.43637803,-1.0110551,0.06940285,1.8014354,0.85100776,-0.6581188,0.09330533,-0.072335616,-0.46130022,3.3330874,-0.71997756,-0.57279307,-0.45270574,-0.4933866,0.49440244,0.60010767,0.6157527,-0.3558798,0.14593816,1.1589121,-0.32033253,-0.30903327,0.66681397,-2.6259475,0.5977581,0.6430221,0.08152216,1.4067847,-1.351136,0.21463175,-0.549914,1.2679533,0.44125187,-0.5201661,-0.8749741,2.318562,-0.38802803,-0.91054505,-1.40031,-0.9919911,0.6146481,1.2703687,1.2144951,-0.6101361,0.15485601,0.46067694,1.6130755,0.90759206,-0.4259765,1.7644717,0.6638899,-0.057652272,-0.061392304,-0.90550065,0.6780321,-1.1804465,0.2534848,-0.9072141,-0.43766657
-1.4412378,1.1348578,-2.0038397,-2.074696,-0.35487294,-1.465107,-0.22999814,1.4123585,-0.8817183,-0.5494199,0.21727817,1.873948,-2.8003612,0.0037631388,1.7034711,1.3211814,-1.3453497,0.9834551,-2.4781876,0.047970694,-1.4195937,-0.6999679,1.9048699,1.1414531,-0.5143772,-0.29229397,0.20827661,0.57097095,-1.1722001,-0.17069095,-1.9356617,0.2660967,-1.408652,-0.77969635,0.41186544,0.3165161,-0.6453045,-1.2333932,-2.5289593,-2.4063506,2.6873477,-0.28826472,1.32068,0.8883887,-0.07639917,-3.1951015,-1.1495825,-0.7470347,-0.41545758,-0.2379792,0.6173797,0.10182183,0.38665214,0.38582256,2.0610068,-0.40483284,0.43088093,0.5785486,-0.81231356,1.2781361,0.059338093,-1.6801516,-0.7401342,1.0944606,-0.51131684,0.7715359,0.3633394,-1.4835494,0.8354042,0.59738046,-0.52884096,0.45996642,1.5220579,1.2547754,-0.6788906,0.11444421,-0.56203884,-0.36640137,2.7845566,-0.90973985,0.11263503,-0.5893852,-0.3947408,1.0571358,-0.084743805,0.5263049,-0.47786316,0.46503565,1.1281606,-0.45938537,-0.8312711,0.83561504,-2.6466968,0.6783561,0.5961531,0.597015,1.0750293,-1.2984353,0.728241,-0.35640693,1.0593891,0.21551734,-0.42577606,-0.66994953,2.0390413,-0.16291983,-1.172883,-1.4321886,-0.6359253,0.07185768,0.70906365,1.3644083,-0.2624316,0.21925215,0.18490924,2.1582944,0.04709598,-0.16364293,1.8866775,0.91821176,-0.2831499,0.056710318,-0.6076619,0.6621485,-2.045134,0.13241275,-0.19935825,0.14732023
-1.6857466,1.0592703,-1.9323553,-2.1958709,-0.5040296,-1.2835897,-0.37370732,0.8286403,-0.86499953,-0.9250121,0.22608241,2.111593,-3.294351,-0.11776876,1.4369881,1.1632524,-1.1146706,0.8865881,-2.4065368,0.050634425,-1.8581201,-0.8169708,1.616834,1.6765537,-0.2741989,0.07694399,0.7423255,0.4747181,-1.3898504,-0.1476914,-1.5848707,0.62219507,-1.4888147,-0.55863947,0.38264516,-0.077014856,-0.4101047,-1.0875853,-1.4506286,-2.4974053,2.2824504,-0.6299929,1.1067098,0.80384594,-0.27969998,-3.386067,-1.0450598,-0.46700752,-0.4598917,0.40775323,0.5775375,-0.060695164,0.48476142,0.026265958,1.773637,-0.11411418,0.36998278,0.23646171,-0.9421896,1.584393,-0.3096986,-1.4974548,-0.9672208,1.1220547,-0.25242037,0.5887208,0.45013484,-1.7914915,0.036412336,0.25735807,-0.61917573,0.4270028,1.5376905,0.93351483,-0.03127661,0.31618312,-0.41467437,-0.5435517,3.4158835,-0.8076504,-0.12672712,-0.55723387,-0.67014736,0.8236544,0.2574994,0.3990886,-0.692577,0.8132198,1.1256174,-0.16595957,-0.3999521,0.7935106,-2.9109912,0.77056223,0.7993918,0.45010194,1.3387535,-0.95242137,0.667303,-0.47173673,1.1552627,0.5776297,-0.32263324,-0.9904272,1.9530116,-0.45758876,-0.8830062,-0.992953,-0.46804717,0.09322067,0.92631525,1.4917425,-0.9482128,0.41608948,0.41692606,1.8856803,0.5371998,-0.32171866,1.7882787,1.1229823,0.04470817,0.041533116,-0.71279657,0.6444689,-1.2876239,0.100850396,-0.47482336,-0.21904694
-1.6458559,1.0885469,-2.0629554,-2.252955,-0.40295857,-1.979378,-0.23542984,1.2138739,-0.71649045,-0.70866346,0.31534216,2.4729626,-3.135214,-0.16900624,1.7538415,1.2463138,-0.8919774,1.1155173,-2.217931,0.044696797,-1.5091876,-1.17844,1.7521479,1.409244,0.013714961,-0.1217597,0.49459365,0.20008248,-1.132218,0.010498592,-1.4957887,0.097188964,-1.2701012,-0.6177043,0.42988238,-0.25220233,-0.60795665,-1.1279482,-2.5509813,-2.3495684,2.3729286,-0.5535226,1.504688,0.42067853,-0.15537958,-3.529851,-1.0475994,-0.34757102,-0.35341984,-0.06580957,0.30223653,0.10248654,0.43509668,0.15771414,1.5895265,-0.42212707,0.2894591,0.25940138,-1.0038502,1.120381,-0.67294616,-1.8409829,-0.7259955,1.2029271,-0.4038781,1.0678624,0.737239,-1.4681944,0.39679167,0.6640629,-0.57041943,0.21553391,1.8682808,1.1439791,-0.6290743,0.22886713,-0.22084294,-0.7136652,3.0002942,-0.7637503,0.035807148,-0.817492,-0.21255907,1.0380962,0.119702294,0.50660354,-0.6722751,0.7658895,0.97416407,-0.47016087,-0.5008853,0.32398954,-2.725732,0.75740075,0.37382653,0.48393333,1.2856511,-1.1979212,0.5756794,-0.16481692,1.1093824,0.5613705,-0.45912933,-0.91425836,1.7872956,-0.15304106,-0.71106994,-1.1565188,-0.3564273,0.052043963,1.0959166,1.4117112,-0.6567249,0.19800076,0.4417976,1.8338939,0.5746066,-0.074938186,1.9029161,0.95672905,-0.29324257,0.01670576,-0.7943015,0.706373,-1.6487851,0.5132915,-0.2377078,0.14204161
